Test Date,Days Since Start,Geography,Description,Geography Level,Total New Positives,Total Cases Per 100k,Total Cases Per 100k (7-day avg),New Positives PCR,Cases Per 100k PCR,New Positives Antigen,Cases Per 100k Antigen
03/03/2024,1463,Bronx,COUNTY,51,3.7,5.99,26,1.88,25,1.81
03/02/2024,1462,Bronx,COUNTY,43,3.12,6.11,23,1.67,20,1.45
03/01/2024,1461,Bronx,COUNTY,81,5.87,6.16,53,3.84,28,2.03
02/29/2024,1460,Bronx,COUNTY,77,5.58,6.16,49,3.55,28,2.03
02/28/2024,1459,Bronx,COUNTY,92,6.67,6.46,51,3.7,41,2.97
02/27/2024,1458,Bronx,COUNTY,109,7.9,6.5,74,5.36,35,2.54
02/26/2024,1457,Bronx,COUNTY,126,9.13,6.57,81,5.87,45,3.26
02/25/2024,1456,Bronx,COUNTY,62,4.49,6.21,35,2.54,27,1.96
02/24/2024,1455,Bronx,COUNTY,48,3.48,6.31,33,2.39,15,1.09
02/23/2024,1454,Bronx,COUNTY,81,5.87,6.74,54,3.91,27,1.96
02/22/2024,1453,Bronx,COUNTY,106,7.68,7.06,64,4.64,42,3.04
02/21/2024,1452,Bronx,COUNTY,96,6.96,7.35,60,4.35,36,2.61
02/20/2024,1451,Bronx,COUNTY,116,8.41,7.78,75,5.43,41,2.97
02/19/2024,1450,Bronx,COUNTY,91,6.59,7.41,57,4.13,34,2.46
02/18/2024,1449,Bronx,COUNTY,72,5.22,8.35,41,2.97,31,2.25
02/17/2024,1448,Bronx,COUNTY,89,6.45,8.61,53,3.84,36,2.61
02/16/2024,1447,Bronx,COUNTY,112,8.12,8.72,72,5.22,40,2.9
02/15/2024,1446,Bronx,COUNTY,134,9.71,9.19,75,5.43,59,4.28
02/14/2024,1445,Bronx,COUNTY,138,10.0,9.24,85,6.16,53,3.84
02/13/2024,1444,Bronx,COUNTY,80,5.8,10.08,53,3.84,27,1.96
02/12/2024,1443,Bronx,COUNTY,182,13.19,11.29,116,8.41,66,4.78
02/11/2024,1442,Bronx,COUNTY,97,7.03,11.92,67,4.86,30,2.17
02/10/2024,1441,Bronx,COUNTY,99,7.17,12.23,61,4.42,38,2.75
02/09/2024,1440,Bronx,COUNTY,158,11.45,12.36,100,7.25,58,4.2
02/08/2024,1439,Bronx,COUNTY,139,10.07,12.65,90,6.52,49,3.55
02/07/2024,1438,Bronx,COUNTY,219,15.87,13.42,135,9.78,84,6.09
02/06/2024,1437,Bronx,COUNTY,197,14.28,13.79,122,8.84,75,5.43
02/05/2024,1436,Bronx,COUNTY,242,17.54,14.45,146,10.58,96,6.96
02/04/2024,1435,Bronx,COUNTY,127,9.2,15.15,77,5.58,50,3.62
02/03/2024,1434,Bronx,COUNTY,112,8.12,15.43,72,5.22,40,2.9
02/02/2024,1433,Bronx,COUNTY,186,13.48,15.94,109,7.9,77,5.58
02/01/2024,1432,Bronx,COUNTY,213,15.44,16.75,142,10.29,71,5.15
01/31/2024,1431,Bronx,COUNTY,255,18.48,17.64,173,12.54,82,5.94
01/30/2024,1430,Bronx,COUNTY,261,18.91,18.41,192,13.91,69,5.0
01/29/2024,1429,Bronx,COUNTY,309,22.39,19.26,192,13.91,117,8.48
01/28/2024,1428,Bronx,COUNTY,154,11.16,20.1,87,6.3,67,4.86
01/27/2024,1427,Bronx,COUNTY,162,11.74,20.36,108,7.83,54,3.91
01/26/2024,1426,Bronx,COUNTY,264,19.13,20.43,180,13.04,84,6.09
01/25/2024,1425,Bronx,COUNTY,299,21.67,20.82,185,13.41,114,8.26
01/24/2024,1424,Bronx,COUNTY,329,23.84,21.11,216,15.65,113,8.19
01/23/2024,1423,Bronx,COUNTY,343,24.86,21.41,207,15.0,136,9.86
01/22/2024,1422,Bronx,COUNTY,391,28.33,21.99,237,17.17,154,11.16
01/21/2024,1421,Bronx,COUNTY,179,12.97,21.72,108,7.83,71,5.15
01/20/2024,1420,Bronx,COUNTY,168,12.17,22.28,104,7.54,64,4.64
01/19/2024,1419,Bronx,COUNTY,302,21.88,23.19,196,14.2,106,7.68
01/18/2024,1418,Bronx,COUNTY,327,23.7,25.06,214,15.51,113,8.19
01/17/2024,1417,Bronx,COUNTY,358,25.94,26.51,222,16.09,136,9.86
01/16/2024,1416,Bronx,COUNTY,399,28.91,27.68,262,18.99,137,9.93
01/15/2024,1415,Bronx,COUNTY,365,26.45,28.39,208,15.07,157,11.38
01/14/2024,1414,Bronx,COUNTY,233,16.88,31.28,134,9.71,99,7.17
01/13/2024,1413,Bronx,COUNTY,256,18.55,32.22,165,11.96,91,6.59
01/12/2024,1412,Bronx,COUNTY,483,35.0,32.81,313,22.68,170,12.32
01/11/2024,1411,Bronx,COUNTY,467,33.84,33.34,303,21.96,164,11.88
01/10/2024,1410,Bronx,COUNTY,471,34.13,35.04,291,21.09,180,13.04
01/09/2024,1409,Bronx,COUNTY,467,33.84,36.68,280,20.29,187,13.55
01/08/2024,1408,Bronx,COUNTY,645,46.74,38.6,395,28.62,250,18.12
01/07/2024,1407,Bronx,COUNTY,323,23.41,35.1,201,14.57,122,8.84
01/06/2024,1406,Bronx,COUNTY,313,22.68,34.82,184,13.33,129,9.35
01/05/2024,1405,Bronx,COUNTY,535,38.77,35.09,322,23.33,213,15.44
01/04/2024,1404,Bronx,COUNTY,631,45.73,34.95,390,28.26,241,17.46
01/03/2024,1403,Bronx,COUNTY,629,45.58,34.46,399,28.91,230,16.67
01/02/2024,1402,Bronx,COUNTY,653,47.32,34.13,389,28.19,264,19.13
01/01/2024,1401,Bronx,COUNTY,307,22.25,34.1,209,15.15,98,7.1
12/31/2023,1400,Bronx,COUNTY,295,21.38,33.57,180,13.04,115,8.33
12/30/2023,1399,Bronx,COUNTY,340,24.64,32.82,210,15.22,130,9.42
12/29/2023,1398,Bronx,COUNTY,521,37.76,32.63,298,21.6,223,16.16
12/28/2023,1397,Bronx,COUNTY,584,42.32,31.31,337,24.42,247,17.9
12/27/2023,1396,Bronx,COUNTY,597,43.26,29.72,352,25.51,245,17.75
12/26/2023,1395,Bronx,COUNTY,650,47.1,28.31,380,27.54,270,19.57
12/25/2023,1394,Bronx,COUNTY,256,18.55,25.13,168,12.17,88,6.38
12/24/2023,1393,Bronx,COUNTY,222,16.09,27.4,138,10.0,84,6.09
12/23/2023,1392,Bronx,COUNTY,322,23.33,27.25,167,12.1,155,11.23
12/22/2023,1391,Bronx,COUNTY,393,28.48,26.32,246,17.83,147,10.65
12/21/2023,1390,Bronx,COUNTY,431,31.23,25.18,252,18.26,179,12.97
12/20/2023,1389,Bronx,COUNTY,461,33.41,23.49,279,20.22,182,13.19
12/19/2023,1388,Bronx,COUNTY,342,24.78,21.85,263,19.06,79,5.72
12/18/2023,1387,Bronx,COUNTY,476,34.49,21.54,271,19.64,205,14.86
12/17/2023,1386,Bronx,COUNTY,207,15.0,19.85,113,8.19,94,6.81
12/16/2023,1385,Bronx,COUNTY,232,16.81,19.22,135,9.78,97,7.03
12/15/2023,1384,Bronx,COUNTY,283,20.51,18.3,183,13.26,100,7.25
12/14/2023,1383,Bronx,COUNTY,268,19.42,17.43,173,12.54,95,6.88
12/13/2023,1382,Bronx,COUNTY,303,21.96,16.78,187,13.55,116,8.41
12/12/2023,1381,Bronx,COUNTY,312,22.61,16.39,183,13.26,129,9.35
12/11/2023,1380,Bronx,COUNTY,312,22.61,16.23,187,13.55,125,9.06
12/10/2023,1379,Bronx,COUNTY,147,10.65,16.49,80,5.8,67,4.86
12/09/2023,1378,Bronx,COUNTY,143,10.36,16.46,81,5.87,62,4.49
12/08/2023,1377,Bronx,COUNTY,199,14.42,16.38,113,8.19,86,6.23
12/07/2023,1376,Bronx,COUNTY,205,14.86,16.1,137,9.93,68,4.93
12/06/2023,1375,Bronx,COUNTY,265,19.2,15.95,124,8.99,141,10.22
12/05/2023,1374,Bronx,COUNTY,297,21.52,15.1,137,9.93,160,11.59
12/04/2023,1373,Bronx,COUNTY,337,24.42,14.37,162,11.74,175,12.68
12/03/2023,1372,Bronx,COUNTY,144,10.44,13.58,71,5.15,73,5.29
12/02/2023,1371,Bronx,COUNTY,135,9.78,13.35,73,5.29,62,4.49
12/01/2023,1370,Bronx,COUNTY,172,12.46,13.32,96,6.96,76,5.51
11/30/2023,1369,Bronx,COUNTY,191,13.84,12.95,114,8.26,77,5.58
11/29/2023,1368,Bronx,COUNTY,183,13.26,11.71,103,7.46,80,5.8
11/28/2023,1367,Bronx,COUNTY,226,16.38,11.44,130,9.42,96,6.96
11/27/2023,1366,Bronx,COUNTY,261,18.91,10.34,139,10.07,122,8.84
11/26/2023,1365,Bronx,COUNTY,122,8.84,9.54,66,4.78,56,4.06
11/25/2023,1364,Bronx,COUNTY,132,9.57,9.32,58,4.2,74,5.36
11/24/2023,1363,Bronx,COUNTY,136,9.86,8.94,74,5.36,62,4.49
11/23/2023,1362,Bronx,COUNTY,71,5.15,8.83,37,2.68,34,2.46
11/22/2023,1361,Bronx,COUNTY,157,11.38,9.43,83,6.01,74,5.36
11/21/2023,1360,Bronx,COUNTY,120,8.7,9.18,67,4.86,53,3.84
11/20/2023,1359,Bronx,COUNTY,184,13.33,9.23,92,6.67,92,6.67
11/19/2023,1358,Bronx,COUNTY,100,7.25,8.64,44,3.19,56,4.06
11/18/2023,1357,Bronx,COUNTY,96,6.96,8.33,50,3.62,46,3.33
11/17/2023,1356,Bronx,COUNTY,125,9.06,8.03,64,4.64,61,4.42
11/16/2023,1355,Bronx,COUNTY,129,9.35,7.75,72,5.22,57,4.13
11/15/2023,1354,Bronx,COUNTY,133,9.64,7.43,61,4.42,72,5.22
11/14/2023,1353,Bronx,COUNTY,125,9.06,7.29,65,4.71,60,4.35
11/13/2023,1352,Bronx,COUNTY,127,9.2,7.02,66,4.78,61,4.42
11/12/2023,1351,Bronx,COUNTY,70,5.07,7.29,37,2.68,33,2.39
11/11/2023,1350,Bronx,COUNTY,67,4.86,7.17,28,2.03,39,2.83
11/10/2023,1349,Bronx,COUNTY,98,7.1,7.31,63,4.57,35,2.54
11/09/2023,1348,Bronx,COUNTY,98,7.1,7.24,60,4.35,38,2.75
11/08/2023,1347,Bronx,COUNTY,119,8.62,7.21,63,4.57,56,4.06
11/07/2023,1346,Bronx,COUNTY,99,7.17,6.95,61,4.42,38,2.75
11/06/2023,1345,Bronx,COUNTY,153,11.09,6.93,71,5.15,82,5.94
11/05/2023,1344,Bronx,COUNTY,59,4.28,6.8,35,2.54,24,1.74
11/04/2023,1343,Bronx,COUNTY,80,5.8,6.85,40,2.9,40,2.9
11/03/2023,1342,Bronx,COUNTY,91,6.59,6.76,57,4.13,34,2.46
11/02/2023,1341,Bronx,COUNTY,95,6.88,6.86,57,4.13,38,2.75
11/01/2023,1340,Bronx,COUNTY,94,6.81,7.05,62,4.49,32,2.32
10/31/2023,1339,Bronx,COUNTY,97,7.03,7.38,61,4.42,36,2.61
10/30/2023,1338,Bronx,COUNTY,141,10.22,7.7,60,4.35,81,5.87
10/29/2023,1337,Bronx,COUNTY,64,4.64,7.96,38,2.75,26,1.88
10/28/2023,1336,Bronx,COUNTY,71,5.15,8.12,47,3.41,24,1.74
10/27/2023,1335,Bronx,COUNTY,101,7.32,8.07,63,4.57,38,2.75
10/26/2023,1334,Bronx,COUNTY,113,8.19,8.33,63,4.57,50,3.62
10/25/2023,1333,Bronx,COUNTY,126,9.13,8.61,76,5.51,50,3.62
10/24/2023,1332,Bronx,COUNTY,128,9.28,8.88,71,5.15,57,4.13
10/23/2023,1331,Bronx,COUNTY,166,12.03,8.85,98,7.1,68,4.93
10/22/2023,1330,Bronx,COUNTY,79,5.72,8.78,53,3.84,26,1.88
10/21/2023,1329,Bronx,COUNTY,67,4.86,8.86,38,2.75,29,2.1
10/20/2023,1328,Bronx,COUNTY,126,9.13,8.95,86,6.23,40,2.9
10/19/2023,1327,Bronx,COUNTY,140,10.15,9.07,78,5.65,62,4.49
10/18/2023,1326,Bronx,COUNTY,152,11.01,9.11,92,6.67,60,4.35
10/17/2023,1325,Bronx,COUNTY,125,9.06,9.01,70,5.07,55,3.99
10/16/2023,1324,Bronx,COUNTY,159,11.52,9.4,92,6.67,67,4.86
10/15/2023,1323,Bronx,COUNTY,87,6.3,9.47,50,3.62,37,2.68
10/14/2023,1322,Bronx,COUNTY,76,5.51,9.47,37,2.68,39,2.83
10/13/2023,1321,Bronx,COUNTY,137,9.93,9.7,88,6.38,49,3.55
10/12/2023,1320,Bronx,COUNTY,144,10.44,10.02,78,5.65,66,4.78
10/11/2023,1319,Bronx,COUNTY,142,10.29,10.66,94,6.81,48,3.48
10/10/2023,1318,Bronx,COUNTY,163,11.81,11.42,96,6.96,67,4.86
10/09/2023,1317,Bronx,COUNTY,166,12.03,12.28,99,7.17,67,4.86
10/08/2023,1316,Bronx,COUNTY,87,6.3,13.29,56,4.06,31,2.25
10/07/2023,1315,Bronx,COUNTY,98,7.1,14.07,51,3.7,47,3.41
10/06/2023,1314,Bronx,COUNTY,168,12.17,14.52,109,7.9,59,4.28
10/05/2023,1313,Bronx,COUNTY,206,14.93,14.31,132,9.57,74,5.36
10/04/2023,1312,Bronx,COUNTY,215,15.58,14.79,129,9.35,86,6.23
10/03/2023,1311,Bronx,COUNTY,246,17.83,15.26,145,10.51,101,7.32
10/02/2023,1310,Bronx,COUNTY,264,19.13,15.9,161,11.67,103,7.46
10/01/2023,1309,Bronx,COUNTY,162,11.74,16.16,88,6.38,74,5.36
09/30/2023,1308,Bronx,COUNTY,142,10.29,16.1,82,5.94,60,4.35
09/29/2023,1307,Bronx,COUNTY,147,10.65,16.13,97,7.03,50,3.62
09/28/2023,1306,Bronx,COUNTY,253,18.33,17.45,128,9.28,125,9.06
09/27/2023,1305,Bronx,COUNTY,260,18.84,17.85,157,11.38,103,7.46
09/26/2023,1304,Bronx,COUNTY,308,22.32,18.38,173,12.54,135,9.78
09/25/2023,1303,Bronx,COUNTY,289,20.94,18.74,184,13.33,105,7.61
09/24/2023,1302,Bronx,COUNTY,156,11.3,19.67,86,6.23,70,5.07
09/23/2023,1301,Bronx,COUNTY,145,10.51,20.02,79,5.72,66,4.78
09/22/2023,1300,Bronx,COUNTY,275,19.93,20.27,161,11.67,114,8.26
09/21/2023,1299,Bronx,COUNTY,291,21.09,20.23,169,12.25,122,8.84
09/20/2023,1298,Bronx,COUNTY,311,22.54,19.96,196,14.2,115,8.33
09/19/2023,1297,Bronx,COUNTY,343,24.86,19.89,214,15.51,129,9.35
09/18/2023,1296,Bronx,COUNTY,379,27.46,19.57,230,16.67,149,10.8
09/17/2023,1295,Bronx,COUNTY,190,13.77,18.53,91,6.59,99,7.17
09/16/2023,1294,Bronx,COUNTY,169,12.25,18.09,93,6.74,76,5.51
09/15/2023,1293,Bronx,COUNTY,271,19.64,18.4,157,11.38,114,8.26
09/14/2023,1292,Bronx,COUNTY,265,19.2,18.57,153,11.09,112,8.12
09/13/2023,1291,Bronx,COUNTY,304,22.03,18.62,172,12.46,132,9.57
09/12/2023,1290,Bronx,COUNTY,312,22.61,19.14,184,13.33,128,9.28
09/11/2023,1289,Bronx,COUNTY,279,20.22,19.8,163,11.81,116,8.41
09/10/2023,1288,Bronx,COUNTY,147,10.65,18.96,89,6.45,58,4.2
09/09/2023,1287,Bronx,COUNTY,199,14.42,19.02,122,8.84,77,5.58
09/08/2023,1286,Bronx,COUNTY,288,20.87,18.71,171,12.39,117,8.48
09/07/2023,1285,Bronx,COUNTY,270,19.57,18.17,155,11.23,115,8.33
09/06/2023,1284,Bronx,COUNTY,354,25.65,18.04,215,15.58,139,10.07
09/05/2023,1283,Bronx,COUNTY,376,27.25,17.06,236,17.1,140,10.15
09/04/2023,1282,Bronx,COUNTY,197,14.28,16.2,131,9.49,66,4.78
09/03/2023,1281,Bronx,COUNTY,153,11.09,17.4,100,7.25,53,3.84
09/02/2023,1280,Bronx,COUNTY,169,12.25,17.55,100,7.25,69,5.0
09/01/2023,1279,Bronx,COUNTY,236,17.1,17.47,142,10.29,94,6.81
08/31/2023,1278,Bronx,COUNTY,258,18.7,17.26,148,10.73,110,7.97
08/30/2023,1277,Bronx,COUNTY,259,18.77,17.22,159,11.52,100,7.25
08/29/2023,1276,Bronx,COUNTY,293,21.23,17.05,193,13.99,100,7.25
08/28/2023,1275,Bronx,COUNTY,313,22.68,16.68,195,14.13,118,8.55
08/27/2023,1274,Bronx,COUNTY,167,12.1,16.32,110,7.97,57,4.13
08/26/2023,1273,Bronx,COUNTY,162,11.74,15.99,111,8.04,51,3.7
08/25/2023,1272,Bronx,COUNTY,215,15.58,16.12,126,9.13,89,6.45
08/24/2023,1271,Bronx,COUNTY,254,18.41,15.93,162,11.74,92,6.67
08/23/2023,1270,Bronx,COUNTY,243,17.61,15.4,149,10.8,94,6.81
08/22/2023,1269,Bronx,COUNTY,257,18.62,15.22,153,11.09,104,7.54
08/21/2023,1268,Bronx,COUNTY,278,20.15,15.23,155,11.23,123,8.91
08/20/2023,1267,Bronx,COUNTY,136,9.86,15.27,76,5.51,60,4.35
08/19/2023,1266,Bronx,COUNTY,174,12.61,15.16,101,7.32,73,5.29
08/18/2023,1265,Bronx,COUNTY,197,14.28,14.58,136,9.86,61,4.42
08/17/2023,1264,Bronx,COUNTY,203,14.71,14.47,128,9.28,75,5.43
08/16/2023,1263,Bronx,COUNTY,225,16.3,14.51,125,9.06,100,7.25
08/15/2023,1262,Bronx,COUNTY,258,18.7,14.38,150,10.87,108,7.83
08/14/2023,1261,Bronx,COUNTY,282,20.44,14.23,162,11.74,120,8.7
08/13/2023,1260,Bronx,COUNTY,125,9.06,13.67,85,6.16,40,2.9
08/12/2023,1259,Bronx,COUNTY,118,8.55,13.47,73,5.29,45,3.26
08/11/2023,1258,Bronx,COUNTY,187,13.55,13.53,124,8.99,63,4.57
08/10/2023,1257,Bronx,COUNTY,207,15.0,13.17,115,8.33,92,6.67
08/09/2023,1256,Bronx,COUNTY,212,15.36,12.87,139,10.07,73,5.29
08/08/2023,1255,Bronx,COUNTY,244,17.68,12.37,142,10.29,102,7.39
08/07/2023,1254,Bronx,COUNTY,227,16.45,11.47,132,9.57,95,6.88
08/06/2023,1253,Bronx,COUNTY,106,7.68,10.81,55,3.99,51,3.7
08/05/2023,1252,Bronx,COUNTY,124,8.99,10.66,72,5.22,52,3.77
08/04/2023,1251,Bronx,COUNTY,152,11.01,10.36,89,6.45,63,4.57
08/03/2023,1250,Bronx,COUNTY,178,12.9,10.02,116,8.41,62,4.49
08/02/2023,1249,Bronx,COUNTY,164,11.88,9.3,93,6.74,71,5.15
08/01/2023,1248,Bronx,COUNTY,157,11.38,8.83,95,6.88,62,4.49
07/31/2023,1247,Bronx,COUNTY,163,11.81,8.52,96,6.96,67,4.86
07/30/2023,1246,Bronx,COUNTY,92,6.67,8.26,43,3.12,49,3.55
07/29/2023,1245,Bronx,COUNTY,95,6.88,7.96,55,3.99,40,2.9
07/28/2023,1244,Bronx,COUNTY,119,8.62,7.53,82,5.94,37,2.68
07/27/2023,1243,Bronx,COUNTY,108,7.83,7.15,65,4.71,43,3.12
07/26/2023,1242,Bronx,COUNTY,119,8.62,7.04,81,5.87,38,2.75
07/25/2023,1241,Bronx,COUNTY,127,9.2,6.91,75,5.43,52,3.77
07/24/2023,1240,Bronx,COUNTY,138,10.0,6.65,72,5.22,66,4.78
07/23/2023,1239,Bronx,COUNTY,63,4.57,6.13,34,2.46,29,2.1
07/22/2023,1238,Bronx,COUNTY,53,3.84,5.97,32,2.32,21,1.52
07/21/2023,1237,Bronx,COUNTY,83,6.01,5.93,61,4.42,22,1.59
07/20/2023,1236,Bronx,COUNTY,97,7.03,5.88,61,4.42,36,2.61
07/19/2023,1235,Bronx,COUNTY,106,7.68,6.22,67,4.86,39,2.83
07/18/2023,1234,Bronx,COUNTY,102,7.39,5.81,56,4.06,46,3.33
07/17/2023,1233,Bronx,COUNTY,88,6.38,5.71,54,3.91,34,2.46
07/16/2023,1232,Bronx,COUNTY,48,3.48,5.61,25,1.81,23,1.67
07/15/2023,1231,Bronx,COUNTY,49,3.55,5.43,28,2.03,21,1.52
07/14/2023,1230,Bronx,COUNTY,78,5.65,5.34,60,4.35,18,1.3
07/13/2023,1229,Bronx,COUNTY,130,9.42,4.93,101,7.32,29,2.1
07/12/2023,1228,Bronx,COUNTY,66,4.78,4.06,30,2.17,36,2.61
07/11/2023,1227,Bronx,COUNTY,93,6.74,4.02,70,5.07,23,1.67
07/10/2023,1226,Bronx,COUNTY,78,5.65,3.36,54,3.91,24,1.74
07/09/2023,1225,Bronx,COUNTY,31,2.25,2.94,17,1.23,14,1.01
07/08/2023,1224,Bronx,COUNTY,40,2.9,2.9,21,1.52,19,1.38
07/07/2023,1223,Bronx,COUNTY,38,2.75,2.84,21,1.52,17,1.23
07/06/2023,1222,Bronx,COUNTY,46,3.33,3.07,28,2.03,18,1.3
07/05/2023,1221,Bronx,COUNTY,62,4.49,3.01,31,2.25,31,2.25
07/04/2023,1220,Bronx,COUNTY,30,2.17,2.77,20,1.45,10,0.72
07/03/2023,1219,Bronx,COUNTY,37,2.68,2.97,21,1.52,16,1.16
07/02/2023,1218,Bronx,COUNTY,27,1.96,3.13,18,1.3,9,0.65
07/01/2023,1217,Bronx,COUNTY,34,2.46,3.13,24,1.74,10,0.72
06/30/2023,1216,Bronx,COUNTY,61,4.26,2.96,34,2.37,27,1.89
06/29/2023,1215,Bronx,COUNTY,40,2.79,2.66,24,1.68,16,1.12
06/28/2023,1214,Bronx,COUNTY,39,2.72,2.84,29,2.02,10,0.7
06/27/2023,1213,Bronx,COUNTY,49,3.42,3.01,32,2.23,17,1.19
06/26/2023,1212,Bronx,COUNTY,52,3.63,3.0,33,2.3,19,1.33
06/25/2023,1211,Bronx,COUNTY,27,1.89,3.01,17,1.19,10,0.7
06/24/2023,1210,Bronx,COUNTY,29,2.02,2.95,21,1.47,8,0.56
06/23/2023,1209,Bronx,COUNTY,31,2.16,2.97,19,1.33,12,0.84
06/22/2023,1208,Bronx,COUNTY,58,4.05,3.1,38,2.65,20,1.4
06/21/2023,1207,Bronx,COUNTY,56,3.91,3.14,36,2.51,20,1.4
06/20/2023,1206,Bronx,COUNTY,48,3.35,3.18,28,1.96,20,1.4
06/19/2023,1205,Bronx,COUNTY,53,3.7,3.42,27,1.89,26,1.82
06/18/2023,1204,Bronx,COUNTY,21,1.47,3.52,11,0.77,10,0.7
06/17/2023,1203,Bronx,COUNTY,31,2.16,3.69,22,1.54,9,0.63
06/16/2023,1202,Bronx,COUNTY,44,3.07,3.72,35,2.44,9,0.63
06/15/2023,1201,Bronx,COUNTY,62,4.33,3.73,49,3.42,13,0.91
06/14/2023,1200,Bronx,COUNTY,60,4.19,3.54,32,2.23,28,1.96
06/13/2023,1199,Bronx,COUNTY,72,5.03,3.47,49,3.42,23,1.61
06/12/2023,1198,Bronx,COUNTY,63,4.4,3.54,38,2.65,25,1.75
06/11/2023,1197,Bronx,COUNTY,38,2.65,3.54,20,1.4,18,1.26
06/10/2023,1196,Bronx,COUNTY,34,2.37,3.54,25,1.75,9,0.63
06/09/2023,1195,Bronx,COUNTY,45,3.14,3.53,26,1.82,19,1.33
06/08/2023,1194,Bronx,COUNTY,43,3.0,3.59,28,1.96,15,1.05
06/07/2023,1193,Bronx,COUNTY,53,3.7,3.85,38,2.65,15,1.05
06/06/2023,1192,Bronx,COUNTY,79,5.52,3.92,53,3.7,26,1.82
06/05/2023,1191,Bronx,COUNTY,63,4.4,3.89,41,2.86,22,1.54
06/04/2023,1190,Bronx,COUNTY,38,2.65,3.66,27,1.89,11,0.77
06/03/2023,1189,Bronx,COUNTY,33,2.3,3.53,25,1.75,8,0.56
06/02/2023,1188,Bronx,COUNTY,51,3.56,3.45,35,2.44,16,1.12
06/01/2023,1187,Bronx,COUNTY,69,4.82,3.12,48,3.35,21,1.47
05/31/2023,1186,Bronx,COUNTY,60,4.19,2.91,38,2.65,22,1.54
05/30/2023,1185,Bronx,COUNTY,76,5.31,2.82,47,3.28,29,2.02
05/29/2023,1184,Bronx,COUNTY,40,2.79,2.4,28,1.96,12,0.84
05/28/2023,1183,Bronx,COUNTY,25,1.75,2.57,20,1.4,5,0.35
05/27/2023,1182,Bronx,COUNTY,25,1.75,2.59,14,0.98,11,0.77
05/26/2023,1181,Bronx,COUNTY,18,1.26,2.5,9,0.63,9,0.63
05/25/2023,1180,Bronx,COUNTY,48,3.35,2.81,30,2.09,18,1.26
05/24/2023,1179,Bronx,COUNTY,51,3.56,2.86,32,2.23,19,1.33
05/23/2023,1178,Bronx,COUNTY,34,2.37,2.74,21,1.47,13,0.91
05/22/2023,1177,Bronx,COUNTY,57,3.98,2.92,35,2.44,22,1.54
05/21/2023,1176,Bronx,COUNTY,27,1.89,2.98,16,1.12,11,0.77
05/20/2023,1175,Bronx,COUNTY,16,1.12,3.03,10,0.7,6,0.42
05/19/2023,1174,Bronx,COUNTY,49,3.42,3.19,26,1.82,23,1.61
05/18/2023,1173,Bronx,COUNTY,53,3.7,2.97,31,2.16,22,1.54
05/17/2023,1172,Bronx,COUNTY,39,2.72,2.96,24,1.68,15,1.05
05/16/2023,1171,Bronx,COUNTY,52,3.63,2.95,36,2.51,16,1.12
05/15/2023,1170,Bronx,COUNTY,63,4.4,2.94,37,2.58,26,1.82
05/14/2023,1169,Bronx,COUNTY,32,2.23,2.87,21,1.47,11,0.77
05/13/2023,1168,Bronx,COUNTY,32,2.23,2.76,18,1.26,14,0.98
05/12/2023,1167,Bronx,COUNTY,27,1.89,2.68,20,1.4,7,0.49
05/11/2023,1166,Bronx,COUNTY,52,3.63,2.75,38,2.65,14,0.98
05/10/2023,1165,Bronx,COUNTY,38,2.65,2.59,36,2.51,2,0.14
05/09/2023,1164,Bronx,COUNTY,51,3.56,2.63,38,2.65,13,0.91
05/08/2023,1163,Bronx,COUNTY,56,3.91,2.65,41,2.86,15,1.05
05/07/2023,1162,Bronx,COUNTY,21,1.47,2.58,18,1.26,3,0.21
05/06/2023,1161,Bronx,COUNTY,24,1.68,2.51,13,0.91,11,0.77
05/05/2023,1160,Bronx,COUNTY,34,2.37,2.49,24,1.68,10,0.7
05/04/2023,1159,Bronx,COUNTY,36,2.51,2.55,22,1.54,14,0.98
05/03/2023,1158,Bronx,COUNTY,42,2.93,2.6,24,1.68,18,1.26
05/02/2023,1157,Bronx,COUNTY,53,3.7,2.62,39,2.72,14,0.98
05/01/2023,1156,Bronx,COUNTY,49,3.42,2.67,38,2.65,11,0.77
04/30/2023,1155,Bronx,COUNTY,14,0.98,2.71,10,0.7,4,0.28
04/29/2023,1154,Bronx,COUNTY,22,1.54,2.83,16,1.12,6,0.42
04/28/2023,1153,Bronx,COUNTY,40,2.79,2.88,32,2.23,8,0.56
04/27/2023,1152,Bronx,COUNTY,41,2.86,2.83,33,2.3,8,0.56
04/26/2023,1151,Bronx,COUNTY,44,3.07,2.86,31,2.16,13,0.91
04/25/2023,1150,Bronx,COUNTY,58,4.05,2.78,50,3.49,8,0.56
04/24/2023,1149,Bronx,COUNTY,53,3.7,2.64,40,2.79,13,0.91
04/23/2023,1148,Bronx,COUNTY,26,1.82,2.61,18,1.26,8,0.56
04/22/2023,1147,Bronx,COUNTY,27,1.89,2.64,15,1.05,12,0.84
04/21/2023,1146,Bronx,COUNTY,35,2.44,2.7,25,1.75,10,0.7
04/20/2023,1145,Bronx,COUNTY,44,3.07,2.76,38,2.65,6,0.42
04/19/2023,1144,Bronx,COUNTY,36,2.51,2.8,25,1.75,11,0.77
04/18/2023,1143,Bronx,COUNTY,44,3.07,2.87,31,2.16,13,0.91
04/17/2023,1142,Bronx,COUNTY,50,3.49,2.89,37,2.58,13,0.91
04/16/2023,1141,Bronx,COUNTY,29,2.02,2.97,21,1.47,8,0.56
04/15/2023,1140,Bronx,COUNTY,33,2.3,2.84,25,1.75,8,0.56
04/14/2023,1139,Bronx,COUNTY,41,2.86,2.77,33,2.3,8,0.56
04/13/2023,1138,Bronx,COUNTY,48,3.35,2.76,31,2.16,17,1.19
04/12/2023,1137,Bronx,COUNTY,43,3.0,2.61,36,2.51,7,0.49
04/11/2023,1136,Bronx,COUNTY,46,3.21,2.76,32,2.23,14,0.98
04/10/2023,1135,Bronx,COUNTY,58,4.05,3.01,38,2.65,20,1.4
04/09/2023,1134,Bronx,COUNTY,16,1.12,2.96,6,0.42,10,0.7
04/08/2023,1133,Bronx,COUNTY,26,1.82,3.19,20,1.4,6,0.42
04/07/2023,1132,Bronx,COUNTY,40,2.79,3.32,29,2.02,11,0.77
04/06/2023,1131,Bronx,COUNTY,33,2.3,3.74,26,1.82,7,0.49
04/05/2023,1130,Bronx,COUNTY,58,4.05,4.03,41,2.86,17,1.19
04/04/2023,1129,Bronx,COUNTY,71,4.96,4.11,52,3.63,19,1.33
04/03/2023,1128,Bronx,COUNTY,53,3.7,4.33,37,2.58,16,1.12
04/02/2023,1127,Bronx,COUNTY,39,2.72,4.76,26,1.82,13,0.91
04/01/2023,1126,Bronx,COUNTY,39,2.72,4.69,28,1.96,11,0.77
03/31/2023,1125,Bronx,COUNTY,82,5.73,4.58,59,4.12,23,1.61
03/30/2023,1124,Bronx,COUNTY,62,4.33,4.4,45,3.14,17,1.19
03/29/2023,1123,Bronx,COUNTY,66,4.61,4.46,54,3.77,12,0.84
03/28/2023,1122,Bronx,COUNTY,93,6.49,4.51,72,5.03,21,1.47
03/27/2023,1121,Bronx,COUNTY,96,6.7,4.37,72,5.03,24,1.68
03/26/2023,1120,Bronx,COUNTY,32,2.23,4.42,25,1.75,7,0.49
03/25/2023,1119,Bronx,COUNTY,28,1.96,4.43,17,1.19,11,0.77
03/24/2023,1118,Bronx,COUNTY,64,4.47,4.6,45,3.14,19,1.33
03/23/2023,1117,Bronx,COUNTY,68,4.75,4.47,48,3.35,20,1.4
03/22/2023,1116,Bronx,COUNTY,71,4.96,4.54,47,3.28,24,1.68
03/21/2023,1115,Bronx,COUNTY,79,5.52,4.46,51,3.56,28,1.96
03/20/2023,1114,Bronx,COUNTY,101,7.05,4.43,77,5.38,24,1.68
03/19/2023,1113,Bronx,COUNTY,33,2.3,4.43,16,1.12,17,1.19
03/18/2023,1112,Bronx,COUNTY,45,3.14,4.49,31,2.16,14,0.98
03/17/2023,1111,Bronx,COUNTY,51,3.56,4.39,34,2.37,17,1.19
03/16/2023,1110,Bronx,COUNTY,75,5.24,4.49,55,3.84,20,1.4
03/15/2023,1109,Bronx,COUNTY,63,4.4,4.66,48,3.35,15,1.05
03/14/2023,1108,Bronx,COUNTY,76,5.31,4.99,57,3.98,19,1.33
03/13/2023,1107,Bronx,COUNTY,101,7.05,5.15,74,5.17,27,1.89
03/12/2023,1106,Bronx,COUNTY,39,2.72,5.4,29,2.02,10,0.7
03/11/2023,1105,Bronx,COUNTY,35,2.44,5.43,32,2.23,3,0.21
03/10/2023,1104,Bronx,COUNTY,61,4.26,5.55,47,3.28,14,0.98
03/09/2023,1103,Bronx,COUNTY,92,6.42,5.95,73,5.1,19,1.33
03/08/2023,1102,Bronx,COUNTY,96,6.7,6.06,70,4.89,26,1.82
03/07/2023,1101,Bronx,COUNTY,92,6.42,6.23,69,4.82,23,1.61
03/06/2023,1100,Bronx,COUNTY,126,8.8,6.21,93,6.49,33,2.3
03/05/2023,1099,Bronx,COUNTY,42,2.93,6.29,28,1.96,14,0.98
03/04/2023,1098,Bronx,COUNTY,47,3.28,6.52,32,2.23,15,1.05
03/03/2023,1097,Bronx,COUNTY,101,7.05,6.71,79,5.52,22,1.54
03/02/2023,1096,Bronx,COUNTY,104,7.26,6.94,80,5.59,24,1.68
03/01/2023,1095,Bronx,COUNTY,113,7.89,7.26,80,5.59,33,2.3
02/28/2023,1094,Bronx,COUNTY,90,6.28,7.62,66,4.61,24,1.68
02/27/2023,1093,Bronx,COUNTY,134,9.36,8.16,101,7.05,33,2.3
02/26/2023,1092,Bronx,COUNTY,65,4.54,8.22,50,3.49,15,1.05
02/25/2023,1091,Bronx,COUNTY,66,4.61,8.38,40,2.79,26,1.82
02/24/2023,1090,Bronx,COUNTY,124,8.66,8.64,102,7.12,22,1.54
02/23/2023,1089,Bronx,COUNTY,136,9.5,8.7,98,6.84,38,2.65
02/22/2023,1088,Bronx,COUNTY,149,10.4,9.37,120,8.38,29,2.02
02/21/2023,1087,Bronx,COUNTY,144,10.05,9.68,107,7.47,37,2.58
02/20/2023,1086,Bronx,COUNTY,140,9.78,10.26,95,6.63,45,3.14
02/19/2023,1085,Bronx,COUNTY,81,5.66,11.14,51,3.56,30,2.09
02/18/2023,1084,Bronx,COUNTY,92,6.42,11.46,62,4.33,30,2.09
02/17/2023,1083,Bronx,COUNTY,130,9.08,11.85,111,7.75,19,1.33
02/16/2023,1082,Bronx,COUNTY,203,14.17,12.64,148,10.33,55,3.84
02/15/2023,1081,Bronx,COUNTY,180,12.57,12.81,138,9.64,42,2.93
02/14/2023,1080,Bronx,COUNTY,203,14.17,13.43,155,10.82,48,3.35
02/13/2023,1079,Bronx,COUNTY,228,15.92,14.29,168,11.73,60,4.19
02/12/2023,1078,Bronx,COUNTY,113,7.89,15.46,65,4.54,48,3.35
02/11/2023,1077,Bronx,COUNTY,131,9.15,15.78,96,6.7,35,2.44
02/10/2023,1076,Bronx,COUNTY,209,14.59,15.71,165,11.52,44,3.07
02/09/2023,1075,Bronx,COUNTY,220,15.36,15.98,163,11.38,57,3.98
02/08/2023,1074,Bronx,COUNTY,242,16.9,16.74,184,12.85,58,4.05
02/07/2023,1073,Bronx,COUNTY,290,20.25,17.53,215,15.01,75,5.24
02/06/2023,1072,Bronx,COUNTY,345,24.09,18.41,254,17.74,91,6.35
02/05/2023,1071,Bronx,COUNTY,145,10.12,19.46,91,6.35,54,3.77
02/04/2023,1070,Bronx,COUNTY,124,8.66,19.88,88,6.14,36,2.51
02/03/2023,1069,Bronx,COUNTY,236,16.48,20.81,174,12.15,62,4.33
02/02/2023,1068,Bronx,COUNTY,296,20.67,22.12,213,14.87,83,5.8
02/01/2023,1067,Bronx,COUNTY,321,22.41,22.97,232,16.2,89,6.21
01/31/2023,1066,Bronx,COUNTY,379,26.46,23.35,289,20.18,90,6.28
01/30/2023,1065,Bronx,COUNTY,450,31.42,24.63,340,23.74,110,7.68
01/29/2023,1064,Bronx,COUNTY,187,13.06,25.32,114,7.96,73,5.1
01/28/2023,1063,Bronx,COUNTY,217,15.15,25.85,158,11.03,59,4.12
01/27/2023,1062,Bronx,COUNTY,368,25.7,26.06,282,19.69,86,6.01
01/26/2023,1061,Bronx,COUNTY,381,26.6,26.53,280,19.55,101,7.05
01/25/2023,1060,Bronx,COUNTY,359,25.07,27.15,280,19.55,79,5.52
01/24/2023,1059,Bronx,COUNTY,507,35.4,28.72,367,25.63,140,9.78
01/23/2023,1058,Bronx,COUNTY,519,36.24,30.14,371,25.91,148,10.33
01/22/2023,1057,Bronx,COUNTY,240,16.76,29.17,152,10.61,88,6.14
01/21/2023,1056,Bronx,COUNTY,238,16.62,29.21,180,12.57,58,4.05
01/20/2023,1055,Bronx,COUNTY,416,29.05,29.65,314,21.93,102,7.12
01/19/2023,1054,Bronx,COUNTY,443,30.93,30.25,331,23.11,112,7.82
01/18/2023,1053,Bronx,COUNTY,516,36.03,31.07,375,26.18,141,9.85
01/17/2023,1052,Bronx,COUNTY,650,45.39,31.86,475,33.17,175,12.22
01/16/2023,1051,Bronx,COUNTY,421,29.4,31.8,284,19.83,137,9.57
01/15/2023,1050,Bronx,COUNTY,244,17.04,34.75,169,11.8,75,5.24
01/14/2023,1049,Bronx,COUNTY,282,19.69,35.34,187,13.06,95,6.63
01/13/2023,1048,Bronx,COUNTY,477,33.31,36.0,363,25.35,114,7.96
01/12/2023,1047,Bronx,COUNTY,525,36.66,37.89,375,26.18,150,10.47
01/11/2023,1046,Bronx,COUNTY,595,41.55,39.86,435,30.37,160,11.17
01/10/2023,1045,Bronx,COUNTY,644,44.97,42.69,475,33.17,169,11.8
01/09/2023,1044,Bronx,COUNTY,717,50.07,45.5,523,36.52,194,13.55
01/08/2023,1043,Bronx,COUNTY,303,21.16,44.95,178,12.43,125,8.73
01/07/2023,1042,Bronx,COUNTY,348,24.3,44.51,243,16.97,105,7.33
01/06/2023,1041,Bronx,COUNTY,666,46.5,44.6,487,34.01,179,12.5
01/05/2023,1040,Bronx,COUNTY,723,50.48,44.75,539,37.64,184,12.85
01/04/2023,1039,Bronx,COUNTY,879,61.38,45.36,656,45.81,223,15.57
01/03/2023,1038,Bronx,COUNTY,925,64.59,44.48,694,48.46,231,16.13
01/02/2023,1037,Bronx,COUNTY,662,46.22,43.91,433,30.23,229,15.99
01/01/2023,1036,Bronx,COUNTY,259,18.08,43.05,181,12.64,78,5.45
12/31/2022,1035,Bronx,COUNTY,357,24.93,42.28,255,17.81,102,7.12
12/30/2022,1034,Bronx,COUNTY,681,47.55,41.39,516,36.03,165,11.52
12/29/2022,1033,Bronx,COUNTY,784,54.74,40.01,591,41.27,193,13.48
12/28/2022,1032,Bronx,COUNTY,791,55.23,38.76,599,41.83,192,13.41
12/27/2022,1031,Bronx,COUNTY,868,60.61,38.59,610,42.59,258,18.02
12/26/2022,1030,Bronx,COUNTY,576,40.22,38.69,358,25.0,218,15.22
12/25/2022,1029,Bronx,COUNTY,182,12.71,41.91,137,9.57,45,3.14
12/24/2022,1028,Bronx,COUNTY,267,18.64,44.22,175,12.22,92,6.42
12/23/2022,1027,Bronx,COUNTY,543,37.92,46.14,387,27.02,156,10.89
12/22/2022,1026,Bronx,COUNTY,659,46.02,46.99,478,33.38,181,12.64
12/21/2022,1025,Bronx,COUNTY,774,54.05,47.01,580,40.5,194,13.55
12/20/2022,1024,Bronx,COUNTY,878,61.31,47.36,631,44.06,247,17.25
12/19/2022,1023,Bronx,COUNTY,898,62.7,47.37,668,46.64,230,16.06
12/18/2022,1022,Bronx,COUNTY,414,28.91,48.02,264,18.43,150,10.47
12/17/2022,1021,Bronx,COUNTY,460,32.12,47.73,331,23.11,129,9.01
12/16/2022,1020,Bronx,COUNTY,628,43.85,47.39,462,32.26,166,11.59
12/15/2022,1019,Bronx,COUNTY,661,46.15,48.55,484,33.8,177,12.36
12/14/2022,1018,Bronx,COUNTY,809,56.49,49.53,574,40.08,235,16.41
12/13/2022,1017,Bronx,COUNTY,879,61.38,49.35,674,47.06,205,14.31
12/12/2022,1016,Bronx,COUNTY,963,67.24,48.33,712,49.72,251,17.53
12/11/2022,1015,Bronx,COUNTY,385,26.88,48.33,252,17.6,133,9.29
12/10/2022,1014,Bronx,COUNTY,426,29.75,48.69,288,20.11,138,9.64
12/09/2022,1013,Bronx,COUNTY,744,51.95,48.05,548,38.26,196,13.69
12/08/2022,1012,Bronx,COUNTY,759,53.0,46.6,520,36.31,239,16.69
12/07/2022,1011,Bronx,COUNTY,791,55.23,46.66,576,40.22,215,15.01
12/06/2022,1010,Bronx,COUNTY,777,54.25,46.12,560,39.1,217,15.15
12/05/2022,1009,Bronx,COUNTY,963,67.24,47.3,713,49.79,250,17.46
12/04/2022,1008,Bronx,COUNTY,421,29.4,49.1,259,18.08,162,11.31
12/03/2022,1007,Bronx,COUNTY,362,25.28,48.12,250,17.46,112,7.82
12/02/2022,1006,Bronx,COUNTY,599,41.83,49.53,531,37.08,68,4.75
12/01/2022,1005,Bronx,COUNTY,765,53.42,47.84,566,39.52,199,13.9
11/30/2022,1004,Bronx,COUNTY,736,51.39,42.6,583,40.71,153,10.68
11/29/2022,1003,Bronx,COUNTY,896,62.56,40.99,697,48.67,199,13.9
11/28/2022,1002,Bronx,COUNTY,1143,79.81,37.5,822,57.4,321,22.41
11/27/2022,1001,Bronx,COUNTY,323,22.55,32.56,271,18.92,52,3.63
11/26/2022,1000,Bronx,COUNTY,503,35.12,32.33,358,25.0,145,10.12
11/25/2022,999,Bronx,COUNTY,430,30.03,30.61,360,25.14,70,4.89
11/24/2022,998,Bronx,COUNTY,240,16.76,30.97,157,10.96,83,5.8
11/23/2022,997,Bronx,COUNTY,574,40.08,33.52,428,29.89,146,10.19
11/22/2022,996,Bronx,COUNTY,546,38.12,33.33,422,29.47,124,8.66
11/21/2022,995,Bronx,COUNTY,648,45.25,32.84,479,33.45,169,11.8
11/20/2022,994,Bronx,COUNTY,300,20.95,33.44,177,12.36,123,8.59
11/19/2022,993,Bronx,COUNTY,331,23.11,33.77,224,15.64,107,7.47
11/18/2022,992,Bronx,COUNTY,466,32.54,33.38,353,24.65,113,7.89
11/17/2022,991,Bronx,COUNTY,495,34.56,32.58,364,25.42,131,9.15
11/16/2022,990,Bronx,COUNTY,555,38.75,32.51,428,29.89,127,8.87
11/15/2022,989,Bronx,COUNTY,497,34.7,32.1,396,27.65,101,7.05
11/14/2022,988,Bronx,COUNTY,708,49.44,32.24,541,37.78,167,11.66
11/13/2022,987,Bronx,COUNTY,333,23.25,31.65,216,15.08,117,8.17
11/12/2022,986,Bronx,COUNTY,292,20.39,31.15,209,14.59,83,5.8
11/11/2022,985,Bronx,COUNTY,386,26.95,31.51,286,19.97,100,6.98
11/10/2022,984,Bronx,COUNTY,488,34.08,32.08,362,25.28,126,8.8
11/09/2022,983,Bronx,COUNTY,514,35.89,32.9,393,27.44,121,8.45
11/08/2022,982,Bronx,COUNTY,511,35.68,33.3,364,25.42,147,10.26
11/07/2022,981,Bronx,COUNTY,649,45.32,33.73,474,33.1,175,12.22
11/06/2022,980,Bronx,COUNTY,283,19.76,33.17,189,13.2,94,6.56
11/05/2022,979,Bronx,COUNTY,328,22.9,32.57,231,16.13,97,6.77
11/04/2022,978,Bronx,COUNTY,443,30.93,31.71,325,22.69,118,8.24
11/03/2022,977,Bronx,COUNTY,570,39.8,30.83,403,28.14,167,11.66
11/02/2022,976,Bronx,COUNTY,554,38.68,29.37,363,25.35,191,13.34
11/01/2022,975,Bronx,COUNTY,554,38.68,28.84,404,28.21,150,10.47
10/31/2022,974,Bronx,COUNTY,593,41.41,28.35,419,29.26,174,12.15
10/30/2022,973,Bronx,COUNTY,223,15.57,27.76,162,11.31,61,4.26
10/29/2022,972,Bronx,COUNTY,242,16.9,28.08,177,12.36,65,4.54
10/28/2022,971,Bronx,COUNTY,355,24.79,27.91,284,19.83,71,4.96
10/27/2022,970,Bronx,COUNTY,423,29.54,27.65,320,22.34,103,7.19
10/26/2022,969,Bronx,COUNTY,501,34.98,26.71,355,24.79,146,10.19
10/25/2022,968,Bronx,COUNTY,505,35.26,26.08,378,26.39,127,8.87
10/24/2022,967,Bronx,COUNTY,534,37.29,24.86,383,26.74,151,10.54
10/23/2022,966,Bronx,COUNTY,255,17.81,23.54,174,12.15,81,5.66
10/22/2022,965,Bronx,COUNTY,225,15.71,22.78,161,11.24,64,4.47
10/21/2022,964,Bronx,COUNTY,329,22.97,22.63,253,17.67,76,5.31
10/20/2022,963,Bronx,COUNTY,329,22.97,22.6,239,16.69,90,6.28
10/19/2022,962,Bronx,COUNTY,438,30.58,22.85,327,22.83,111,7.75
10/18/2022,961,Bronx,COUNTY,382,26.67,22.62,262,18.29,120,8.38
10/17/2022,960,Bronx,COUNTY,402,28.07,22.73,306,21.37,96,6.7
10/16/2022,959,Bronx,COUNTY,179,12.5,22.14,110,7.68,69,4.82
10/15/2022,958,Bronx,COUNTY,210,14.66,21.99,151,10.54,59,4.12
10/14/2022,957,Bronx,COUNTY,326,22.76,21.85,249,17.39,77,5.38
10/13/2022,956,Bronx,COUNTY,354,24.72,21.34,272,18.99,82,5.73
10/12/2022,955,Bronx,COUNTY,415,28.98,21.25,289,20.18,126,8.8
10/11/2022,954,Bronx,COUNTY,393,27.44,20.17,297,20.74,96,6.7
10/10/2022,953,Bronx,COUNTY,343,23.95,19.06,230,16.06,113,7.89
10/09/2022,952,Bronx,COUNTY,163,11.38,19.45,103,7.19,60,4.19
10/08/2022,951,Bronx,COUNTY,196,13.69,19.67,135,9.43,61,4.26
10/07/2022,950,Bronx,COUNTY,275,19.2,19.32,195,13.62,80,5.59
10/06/2022,949,Bronx,COUNTY,345,24.09,19.84,269,18.78,76,5.31
10/05/2022,948,Bronx,COUNTY,307,21.44,19.7,219,15.29,88,6.14
10/04/2022,947,Bronx,COUNTY,282,19.69,21.04,228,15.92,54,3.77
10/03/2022,946,Bronx,COUNTY,382,26.67,22.09,276,19.27,106,7.4
10/02/2022,945,Bronx,COUNTY,185,12.92,22.46,125,8.73,60,4.19
10/01/2022,944,Bronx,COUNTY,161,11.24,22.47,109,7.61,52,3.63
09/30/2022,943,Bronx,COUNTY,327,22.83,22.74,240,16.76,87,6.07
09/29/2022,942,Bronx,COUNTY,331,23.11,23.27,240,16.76,91,6.35
09/28/2022,941,Bronx,COUNTY,441,30.79,23.63,336,23.46,105,7.33
09/27/2022,940,Bronx,COUNTY,388,27.09,24.07,268,18.71,120,8.38
09/26/2022,939,Bronx,COUNTY,419,29.26,25.57,294,20.53,125,8.73
09/25/2022,938,Bronx,COUNTY,186,12.99,27.02,125,8.73,61,4.26
09/24/2022,937,Bronx,COUNTY,188,13.13,27.7,128,8.94,60,4.19
09/23/2022,936,Bronx,COUNTY,380,26.53,28.54,271,18.92,109,7.61
09/22/2022,935,Bronx,COUNTY,367,25.63,29.01,263,18.36,104,7.26
09/21/2022,934,Bronx,COUNTY,485,33.87,29.23,354,24.72,131,9.15
09/20/2022,933,Bronx,COUNTY,538,37.57,28.83,381,26.6,157,10.96
09/19/2022,932,Bronx,COUNTY,565,39.45,27.4,403,28.14,162,11.31
09/18/2022,931,Bronx,COUNTY,254,17.74,26.23,165,11.52,89,6.21
09/17/2022,930,Bronx,COUNTY,272,18.99,25.47,184,12.85,88,6.14
09/16/2022,929,Bronx,COUNTY,427,29.82,24.96,293,20.46,134,9.36
09/15/2022,928,Bronx,COUNTY,389,27.16,24.06,282,19.69,107,7.47
09/14/2022,927,Bronx,COUNTY,445,31.07,23.45,313,21.86,132,9.22
09/13/2022,926,Bronx,COUNTY,395,27.58,22.77,259,18.08,136,9.5
09/12/2022,925,Bronx,COUNTY,448,31.28,22.94,316,22.07,132,9.22
09/11/2022,924,Bronx,COUNTY,177,12.36,20.72,120,8.38,57,3.98
09/10/2022,923,Bronx,COUNTY,221,15.43,20.8,155,10.82,66,4.61
09/09/2022,922,Bronx,COUNTY,337,23.53,20.76,225,15.71,112,7.82
09/08/2022,921,Bronx,COUNTY,328,22.9,20.76,226,15.78,102,7.12
09/07/2022,920,Bronx,COUNTY,377,26.32,21.08,264,18.43,113,7.89
09/06/2022,919,Bronx,COUNTY,412,28.77,21.22,300,20.95,112,7.82
09/05/2022,918,Bronx,COUNTY,225,15.71,21.42,151,10.54,74,5.17
09/04/2022,917,Bronx,COUNTY,185,12.92,24.24,126,8.8,59,4.12
09/03/2022,916,Bronx,COUNTY,217,15.15,24.99,149,10.4,68,4.75
09/02/2022,915,Bronx,COUNTY,337,23.53,25.39,239,16.69,98,6.84
09/01/2022,914,Bronx,COUNTY,360,25.14,25.73,259,18.08,101,7.05
08/31/2022,913,Bronx,COUNTY,391,27.3,26.5,278,19.41,113,7.89
08/30/2022,912,Bronx,COUNTY,432,30.16,26.86,297,20.74,135,9.43
08/29/2022,911,Bronx,COUNTY,508,35.47,27.15,358,25.0,150,10.47
08/28/2022,910,Bronx,COUNTY,260,18.15,27.39,159,11.1,101,7.05
08/27/2022,909,Bronx,COUNTY,257,17.95,27.48,183,12.78,74,5.17
08/26/2022,908,Bronx,COUNTY,371,25.91,27.93,257,17.95,114,7.96
08/25/2022,907,Bronx,COUNTY,438,30.58,28.75,320,22.34,118,8.24
08/24/2022,906,Bronx,COUNTY,427,29.82,29.13,305,21.3,122,8.52
08/23/2022,905,Bronx,COUNTY,461,32.19,29.87,332,23.18,129,9.01
08/22/2022,904,Bronx,COUNTY,532,37.15,30.52,373,26.05,159,11.1
08/21/2022,903,Bronx,COUNTY,269,18.78,31.2,182,12.71,87,6.07
08/20/2022,902,Bronx,COUNTY,302,21.09,31.46,199,13.9,103,7.19
08/19/2022,901,Bronx,COUNTY,453,31.63,31.39,308,21.51,145,10.12
08/18/2022,900,Bronx,COUNTY,476,33.24,32.04,338,23.6,138,9.64
08/17/2022,899,Bronx,COUNTY,501,34.98,33.3,344,24.02,157,10.96
08/16/2022,898,Bronx,COUNTY,527,36.8,34.31,374,26.11,153,10.68
08/15/2022,897,Bronx,COUNTY,600,41.9,36.12,420,29.33,180,12.57
08/14/2022,896,Bronx,COUNTY,295,20.6,38.33,184,12.85,111,7.75
08/13/2022,895,Bronx,COUNTY,295,20.6,38.96,182,12.71,113,7.89
08/12/2022,894,Bronx,COUNTY,518,36.17,40.53,364,25.42,154,10.75
08/11/2022,893,Bronx,COUNTY,602,42.04,41.49,427,29.82,175,12.22
08/10/2022,892,Bronx,COUNTY,603,42.11,42.35,407,28.42,196,13.69
08/09/2022,891,Bronx,COUNTY,708,49.44,43.26,534,37.29,174,12.15
08/08/2022,890,Bronx,COUNTY,822,57.4,44.55,609,42.52,213,14.87
08/07/2022,889,Bronx,COUNTY,358,25.0,45.44,247,17.25,111,7.75
08/06/2022,888,Bronx,COUNTY,452,31.56,46.28,295,20.6,157,10.96
08/05/2022,887,Bronx,COUNTY,614,42.87,46.49,437,30.51,177,12.36
08/04/2022,886,Bronx,COUNTY,689,48.11,47.48,478,33.38,211,14.73
08/03/2022,885,Bronx,COUNTY,694,48.46,48.27,578,40.36,116,8.1
08/02/2022,884,Bronx,COUNTY,837,58.44,49.39,582,40.64,255,17.81
08/01/2022,883,Bronx,COUNTY,911,63.61,50.11,640,44.69,271,18.92
07/31/2022,882,Bronx,COUNTY,443,30.93,50.92,295,20.6,148,10.33
07/30/2022,881,Bronx,COUNTY,473,33.03,51.2,300,20.95,173,12.08
07/29/2022,880,Bronx,COUNTY,713,49.79,51.74,511,35.68,202,14.1
07/28/2022,879,Bronx,COUNTY,768,53.63,51.96,570,39.8,198,13.83
07/27/2022,878,Bronx,COUNTY,806,56.28,51.74,584,40.78,222,15.5
07/26/2022,877,Bronx,COUNTY,909,63.47,52.61,652,45.53,257,17.95
07/25/2022,876,Bronx,COUNTY,993,69.34,52.99,713,49.79,280,19.55
07/24/2022,875,Bronx,COUNTY,471,32.89,52.15,300,20.95,171,11.94
07/23/2022,874,Bronx,COUNTY,527,36.8,52.13,322,22.48,205,14.31
07/22/2022,873,Bronx,COUNTY,735,51.32,52.27,499,34.84,236,16.48
07/21/2022,872,Bronx,COUNTY,746,52.09,53.13,538,37.57,208,14.52
07/20/2022,871,Bronx,COUNTY,893,62.35,54.2,625,43.64,268,18.71
07/19/2022,870,Bronx,COUNTY,947,66.13,54.19,657,45.88,290,20.25
07/18/2022,869,Bronx,COUNTY,909,63.47,54.22,625,43.64,284,19.83
07/17/2022,868,Bronx,COUNTY,469,32.75,55.71,301,21.02,168,11.73
07/16/2022,867,Bronx,COUNTY,541,37.78,55.5,355,24.79,186,12.99
07/15/2022,866,Bronx,COUNTY,821,57.33,56.01,571,39.87,250,17.46
07/14/2022,865,Bronx,COUNTY,854,59.63,55.63,607,42.38,247,17.25
07/13/2022,864,Bronx,COUNTY,892,62.28,55.63,613,42.8,279,19.48
07/12/2022,863,Bronx,COUNTY,950,66.33,55.68,684,47.76,266,18.57
07/11/2022,862,Bronx,COUNTY,1058,73.88,56.7,738,51.53,320,22.34
07/10/2022,861,Bronx,COUNTY,448,31.28,50.33,271,18.92,177,12.36
07/09/2022,860,Bronx,COUNTY,592,41.34,50.44,384,26.81,208,14.52
07/08/2022,859,Bronx,COUNTY,783,54.67,49.51,524,36.59,259,18.08
07/07/2022,858,Bronx,COUNTY,854,59.63,48.64,605,42.24,249,17.39
07/06/2022,857,Bronx,COUNTY,897,62.63,46.79,651,45.46,246,17.18
07/05/2022,856,Bronx,COUNTY,1052,73.46,44.57,786,54.88,266,18.57
07/04/2022,855,Bronx,COUNTY,420,29.33,40.56,281,19.62,139,9.71
07/03/2022,854,Bronx,COUNTY,459,32.05,43.28,298,20.81,161,11.24
07/02/2022,853,Bronx,COUNTY,498,34.77,41.89,314,21.93,184,12.85
07/01/2022,852,Bronx,COUNTY,696,48.6,40.58,471,32.89,225,15.71
06/30/2022,851,Bronx,COUNTY,669,46.71,38.72,501,34.98,168,11.73
06/29/2022,850,Bronx,COUNTY,674,47.06,37.15,492,34.35,182,12.71
06/28/2022,849,Bronx,COUNTY,650,45.39,36.52,506,35.33,144,10.05
06/27/2022,848,Bronx,COUNTY,693,48.39,36.67,504,35.19,189,13.2
06/26/2022,847,Bronx,COUNTY,319,22.27,34.43,226,15.78,93,6.49
06/25/2022,846,Bronx,COUNTY,367,25.63,33.99,270,18.85,97,6.77
06/24/2022,845,Bronx,COUNTY,510,35.61,34.03,389,27.16,121,8.45
06/23/2022,844,Bronx,COUNTY,511,35.68,33.71,383,26.74,128,8.94
06/22/2022,843,Bronx,COUNTY,611,42.66,33.13,481,33.59,130,9.08
06/21/2022,842,Bronx,COUNTY,665,46.43,32.19,477,33.31,188,13.13
06/20/2022,841,Bronx,COUNTY,469,32.75,30.42,328,22.9,141,9.85
06/19/2022,840,Bronx,COUNTY,274,19.13,31.88,161,11.24,113,7.89
06/18/2022,839,Bronx,COUNTY,371,25.91,31.61,237,16.55,134,9.36
06/17/2022,838,Bronx,COUNTY,478,33.38,30.69,340,23.74,138,9.64
06/16/2022,837,Bronx,COUNTY,453,31.63,30.38,326,22.76,127,8.87
06/15/2022,836,Bronx,COUNTY,517,36.1,30.34,379,26.46,138,9.64
06/14/2022,835,Bronx,COUNTY,488,34.08,30.0,340,23.74,148,10.33
06/13/2022,834,Bronx,COUNTY,615,42.94,30.3,461,32.19,154,10.75
06/12/2022,833,Bronx,COUNTY,247,17.25,29.95,157,10.96,90,6.28
06/11/2022,832,Bronx,COUNTY,279,19.48,30.4,198,13.83,81,5.66
06/10/2022,831,Bronx,COUNTY,447,31.21,30.69,321,22.41,126,8.8
06/09/2022,830,Bronx,COUNTY,449,31.35,31.25,313,21.86,136,9.5
06/08/2022,829,Bronx,COUNTY,482,33.66,31.66,340,23.74,142,9.92
06/07/2022,828,Bronx,COUNTY,519,36.24,33.37,376,26.25,143,9.99
06/06/2022,827,Bronx,COUNTY,579,40.43,35.2,427,29.82,152,10.61
06/05/2022,826,Bronx,COUNTY,293,20.46,32.49,173,12.08,120,8.38
06/04/2022,825,Bronx,COUNTY,308,21.51,32.14,191,13.34,117,8.17
06/03/2022,824,Bronx,COUNTY,503,35.12,31.37,358,25.0,145,10.12
06/02/2022,823,Bronx,COUNTY,490,34.21,30.54,372,25.98,118,8.24
06/01/2022,822,Bronx,COUNTY,653,45.6,31.31,507,35.4,146,10.19
05/31/2022,821,Bronx,COUNTY,703,49.09,30.9,509,35.54,194,13.55
05/30/2022,820,Bronx,COUNTY,307,21.44,30.62,215,15.01,92,6.42
05/29/2022,819,Bronx,COUNTY,258,18.02,35.5,179,12.5,79,5.52
05/28/2022,818,Bronx,COUNTY,231,16.13,36.24,191,13.34,40,2.79
05/27/2022,817,Bronx,COUNTY,420,29.33,37.82,373,26.05,47,3.28
05/26/2022,816,Bronx,COUNTY,567,39.59,39.24,431,30.09,136,9.5
05/25/2022,815,Bronx,COUNTY,612,42.73,39.57,464,32.4,148,10.33
05/24/2022,814,Bronx,COUNTY,675,47.13,40.85,528,36.87,147,10.26
05/23/2022,813,Bronx,COUNTY,796,55.58,40.44,573,40.01,223,15.57
05/22/2022,812,Bronx,COUNTY,332,23.18,39.81,209,14.59,123,8.59
05/21/2022,811,Bronx,COUNTY,389,27.16,39.9,293,20.46,96,6.7
05/20/2022,810,Bronx,COUNTY,563,39.31,39.49,438,30.58,125,8.73
05/19/2022,809,Bronx,COUNTY,600,41.9,39.67,487,34.01,113,7.89
05/18/2022,808,Bronx,COUNTY,740,51.67,39.48,538,37.57,202,14.1
05/17/2022,807,Bronx,COUNTY,634,44.27,37.76,435,30.37,199,13.9
05/16/2022,806,Bronx,COUNTY,733,51.18,36.27,513,35.82,220,15.36
05/15/2022,805,Bronx,COUNTY,341,23.81,35.11,212,14.8,129,9.01
05/14/2022,804,Bronx,COUNTY,348,24.3,33.96,232,16.2,116,8.1
05/13/2022,803,Bronx,COUNTY,581,40.57,32.84,422,29.47,159,11.1
05/12/2022,802,Bronx,COUNTY,581,40.57,30.86,441,30.79,140,9.78
05/11/2022,801,Bronx,COUNTY,567,39.59,30.09,432,30.16,135,9.43
05/10/2022,800,Bronx,COUNTY,485,33.87,29.22,346,24.16,139,9.71
05/09/2022,799,Bronx,COUNTY,617,43.08,28.93,447,31.21,170,11.87
05/08/2022,798,Bronx,COUNTY,225,15.71,26.82,150,10.47,75,5.24
05/07/2022,797,Bronx,COUNTY,236,16.48,26.5,165,11.52,71,4.96
05/06/2022,796,Bronx,COUNTY,383,26.74,26.08,291,20.32,92,6.42
05/05/2022,795,Bronx,COUNTY,504,35.19,25.31,380,26.53,124,8.66
05/04/2022,794,Bronx,COUNTY,479,33.45,23.66,337,23.53,142,9.92
05/03/2022,793,Bronx,COUNTY,456,31.84,22.59,337,23.53,119,8.31
05/02/2022,792,Bronx,COUNTY,406,28.35,21.33,279,19.48,127,8.87
05/01/2022,791,Bronx,COUNTY,193,13.48,21.42,123,8.59,70,4.89
04/30/2022,790,Bronx,COUNTY,194,13.55,21.06,127,8.87,67,4.68
04/29/2022,789,Bronx,COUNTY,305,21.3,20.9,219,15.29,86,6.01
04/28/2022,788,Bronx,COUNTY,339,23.67,20.28,242,16.9,97,6.77
04/27/2022,787,Bronx,COUNTY,372,25.98,19.16,273,19.06,99,6.91
04/26/2022,786,Bronx,COUNTY,329,22.97,17.88,259,18.08,70,4.89
04/25/2022,785,Bronx,COUNTY,415,28.98,16.92,272,18.99,143,9.99
04/24/2022,784,Bronx,COUNTY,157,10.96,15.41,101,7.05,56,3.91
04/23/2022,783,Bronx,COUNTY,178,12.43,15.18,107,7.47,71,4.96
04/22/2022,782,Bronx,COUNTY,243,16.97,15.07,163,11.38,80,5.59
04/21/2022,781,Bronx,COUNTY,227,15.85,14.51,163,11.38,64,4.47
04/20/2022,780,Bronx,COUNTY,243,16.97,14.64,189,13.2,54,3.77
04/19/2022,779,Bronx,COUNTY,233,16.27,14.73,179,12.5,54,3.77
04/18/2022,778,Bronx,COUNTY,264,18.43,15.07,189,13.2,75,5.24
04/17/2022,777,Bronx,COUNTY,134,9.36,15.27,82,5.73,52,3.63
04/16/2022,776,Bronx,COUNTY,167,11.66,14.89,117,8.17,50,3.49
04/15/2022,775,Bronx,COUNTY,187,13.06,14.37,135,9.43,52,3.63
04/14/2022,774,Bronx,COUNTY,240,16.76,14.2,195,13.62,45,3.14
04/13/2022,773,Bronx,COUNTY,252,17.6,13.78,206,14.38,46,3.21
04/12/2022,772,Bronx,COUNTY,267,18.64,13.17,200,13.97,67,4.68
04/11/2022,771,Bronx,COUNTY,284,19.83,12.47,223,15.57,61,4.26
04/10/2022,770,Bronx,COUNTY,96,6.7,12.13,67,4.68,29,2.02
04/09/2022,769,Bronx,COUNTY,115,8.03,11.98,73,5.1,42,2.93
04/08/2022,768,Bronx,COUNTY,170,11.87,11.69,132,9.22,38,2.65
04/07/2022,767,Bronx,COUNTY,197,13.76,11.37,151,10.54,46,3.21
04/06/2022,766,Bronx,COUNTY,191,13.34,10.7,150,10.47,41,2.86
04/05/2022,765,Bronx,COUNTY,197,13.76,10.36,150,10.47,47,3.28
04/04/2022,764,Bronx,COUNTY,250,17.46,9.68,190,13.27,60,4.19
04/03/2022,763,Bronx,COUNTY,81,5.66,8.78,55,3.84,26,1.82
04/02/2022,762,Bronx,COUNTY,86,6.01,8.56,68,4.75,18,1.26
04/01/2022,761,Bronx,COUNTY,138,9.64,8.36,115,8.03,23,1.61
03/31/2022,760,Bronx,COUNTY,130,9.08,8.3,97,6.77,33,2.3
03/30/2022,759,Bronx,COUNTY,157,10.96,8.24,126,8.8,31,2.16
03/29/2022,758,Bronx,COUNTY,128,8.94,7.76,107,7.47,21,1.47
03/28/2022,757,Bronx,COUNTY,160,11.17,7.64,131,9.15,29,2.02
03/27/2022,756,Bronx,COUNTY,59,4.12,7.41,43,3.0,16,1.12
03/26/2022,755,Bronx,COUNTY,66,4.61,7.19,52,3.63,14,0.98
03/25/2022,754,Bronx,COUNTY,132,9.22,6.91,95,6.63,37,2.58
03/24/2022,753,Bronx,COUNTY,124,8.66,6.39,104,7.26,20,1.4
03/23/2022,752,Bronx,COUNTY,109,7.61,6.0,86,6.01,23,1.61
03/22/2022,751,Bronx,COUNTY,116,8.1,5.87,89,6.21,27,1.89
03/21/2022,750,Bronx,COUNTY,137,9.57,5.49,102,7.12,35,2.44
03/20/2022,749,Bronx,COUNTY,37,2.58,5.02,28,1.96,9,0.63
03/19/2022,748,Bronx,COUNTY,38,2.65,5.16,29,2.02,9,0.63
03/18/2022,747,Bronx,COUNTY,80,5.59,5.09,69,4.82,11,0.77
03/17/2022,746,Bronx,COUNTY,84,5.87,4.93,66,4.61,18,1.26
03/16/2022,745,Bronx,COUNTY,96,6.7,4.78,71,4.96,25,1.75
03/15/2022,744,Bronx,COUNTY,78,5.45,4.36,63,4.4,15,1.05
03/14/2022,743,Bronx,COUNTY,90,6.28,4.27,71,4.96,19,1.33
03/13/2022,742,Bronx,COUNTY,51,3.56,3.86,35,2.44,16,1.12
03/12/2022,741,Bronx,COUNTY,31,2.16,3.67,21,1.47,10,0.7
03/11/2022,740,Bronx,COUNTY,64,4.47,3.71,55,3.84,9,0.63
03/10/2022,739,Bronx,COUNTY,69,4.82,3.62,51,3.56,18,1.26
03/09/2022,738,Bronx,COUNTY,54,3.77,3.63,44,3.07,10,0.7
03/08/2022,737,Bronx,COUNTY,69,4.82,3.75,58,4.05,11,0.77
03/07/2022,736,Bronx,COUNTY,49,3.42,3.73,40,2.79,9,0.63
03/06/2022,735,Bronx,COUNTY,32,2.23,4.01,23,1.61,9,0.63
03/05/2022,734,Bronx,COUNTY,35,2.44,4.14,31,2.16,4,0.28
03/04/2022,733,Bronx,COUNTY,55,3.84,4.18,49,3.42,6,0.42
03/03/2022,732,Bronx,COUNTY,70,4.89,4.0,56,3.91,14,0.98
03/02/2022,731,Bronx,COUNTY,66,4.61,4.2,47,3.28,19,1.33
03/01/2022,730,Bronx,COUNTY,67,4.68,4.37,59,4.12,8,0.56
02/28/2022,729,Bronx,COUNTY,77,5.38,4.51,60,4.19,17,1.19
02/27/2022,728,Bronx,COUNTY,45,3.14,4.29,29,2.02,16,1.12
02/26/2022,727,Bronx,COUNTY,39,2.72,4.36,33,2.3,6,0.42
02/25/2022,726,Bronx,COUNTY,37,2.58,4.46,32,2.23,5,0.35
02/24/2022,725,Bronx,COUNTY,90,6.28,4.91,79,5.52,11,0.77
02/23/2022,724,Bronx,COUNTY,83,5.8,5.01,68,4.75,15,1.05
02/22/2022,723,Bronx,COUNTY,81,5.66,5.22,70,4.89,11,0.77
02/21/2022,722,Bronx,COUNTY,55,3.84,5.54,47,3.28,8,0.56
02/20/2022,721,Bronx,COUNTY,52,3.63,6.18,45,3.14,7,0.49
02/19/2022,720,Bronx,COUNTY,49,3.42,6.31,39,2.72,10,0.7
02/18/2022,719,Bronx,COUNTY,82,5.73,6.65,68,4.75,14,0.98
02/17/2022,718,Bronx,COUNTY,100,6.98,7.45,91,6.35,9,0.63
02/16/2022,717,Bronx,COUNTY,104,7.26,8.01,93,6.49,11,0.77
02/15/2022,716,Bronx,COUNTY,113,7.89,8.93,98,6.84,15,1.05
02/14/2022,715,Bronx,COUNTY,120,8.38,10.03,103,7.19,17,1.19
02/13/2022,714,Bronx,COUNTY,65,4.54,11.21,55,3.84,10,0.7
02/12/2022,713,Bronx,COUNTY,83,5.8,11.52,70,4.89,13,0.91
02/11/2022,712,Bronx,COUNTY,162,11.31,12.17,141,9.85,21,1.47
02/10/2022,711,Bronx,COUNTY,156,10.89,12.61,129,9.01,27,1.89
02/09/2022,710,Bronx,COUNTY,196,13.69,14.08,171,11.94,25,1.75
02/08/2022,709,Bronx,COUNTY,223,15.57,15.41,201,14.04,22,1.54
02/07/2022,708,Bronx,COUNTY,239,16.69,16.87,206,14.38,33,2.3
02/06/2022,707,Bronx,COUNTY,96,6.7,21.84,75,5.24,21,1.47
02/05/2022,706,Bronx,COUNTY,148,10.33,22.76,125,8.73,23,1.61
02/04/2022,705,Bronx,COUNTY,206,14.38,22.01,181,12.64,25,1.75
02/03/2022,704,Bronx,COUNTY,304,21.23,23.85,269,18.78,35,2.44
02/02/2022,703,Bronx,COUNTY,329,22.97,26.42,278,19.41,51,3.56
02/01/2022,702,Bronx,COUNTY,369,25.77,29.59,316,22.07,53,3.7
01/31/2022,701,Bronx,COUNTY,737,51.46,33.04,676,47.2,61,4.26
01/30/2022,700,Bronx,COUNTY,189,13.2,35.92,143,9.99,46,3.21
01/29/2022,699,Bronx,COUNTY,72,5.03,38.74,65,4.54,7,0.49
01/28/2022,698,Bronx,COUNTY,391,27.3,43.77,343,23.95,48,3.35
01/27/2022,697,Bronx,COUNTY,562,39.24,49.71,482,33.66,80,5.59
01/26/2022,696,Bronx,COUNTY,646,45.11,55.89,568,39.66,78,5.45
01/25/2022,695,Bronx,COUNTY,715,49.93,64.82,614,42.87,101,7.05
01/24/2022,694,Bronx,COUNTY,1026,71.64,77.47,869,60.68,157,10.96
01/23/2022,693,Bronx,COUNTY,472,32.96,82.68,362,25.28,110,7.68
01/22/2022,692,Bronx,COUNTY,576,40.22,88.41,472,32.96,104,7.26
01/21/2022,691,Bronx,COUNTY,986,68.85,94.06,827,57.75,159,11.1
01/20/2022,690,Bronx,COUNTY,1182,82.53,111.71,1029,71.85,153,10.68
01/19/2022,689,Bronx,COUNTY,1541,107.6,130.8,1303,90.98,238,16.62
01/18/2022,688,Bronx,COUNTY,1983,138.46,151.61,1705,119.05,278,19.41
01/17/2022,687,Bronx,COUNTY,1549,108.16,174.15,1236,86.3,313,21.86
01/16/2022,686,Bronx,COUNTY,1046,73.04,215.11,813,56.77,233,16.27
01/15/2022,685,Bronx,COUNTY,1142,79.74,229.19,909,63.47,233,16.27
01/14/2022,684,Bronx,COUNTY,2756,192.44,253.04,2325,162.35,431,30.09
01/13/2022,683,Bronx,COUNTY,3096,216.18,277.34,2631,183.71,465,32.47
01/12/2022,682,Bronx,COUNTY,3627,253.26,328.75,3105,216.81,522,36.45
01/11/2022,681,Bronx,COUNTY,4242,296.2,387.66,3449,240.83,793,55.37
01/10/2022,680,Bronx,COUNTY,5656,394.94,469.34,4662,325.53,994,69.41
01/09/2022,679,Bronx,COUNTY,2457,171.56,539.69,1887,131.76,570,39.8
01/08/2022,678,Bronx,COUNTY,3533,246.7,577.06,2857,199.49,676,47.2
01/07/2022,677,Bronx,COUNTY,5192,362.54,568.0,4374,305.42,818,57.12
01/06/2022,676,Bronx,COUNTY,8250,576.06,579.76,7203,502.96,1047,73.11
01/05/2022,675,Bronx,COUNTY,9533,665.65,612.7,8120,566.99,1413,98.66
01/04/2022,674,Bronx,COUNTY,12430,867.94,641.19,10641,743.02,1789,124.92
01/03/2022,673,Bronx,COUNTY,12709,887.42,633.7,10813,755.03,1896,132.39
01/02/2022,672,Bronx,COUNTY,6203,433.13,624.65,5039,351.85,1164,81.28
01/01/2022,671,Bronx,COUNTY,2625,183.29,610.37,1973,137.77,652,45.53
12/31/2021,670,Bronx,COUNTY,6371,444.86,601.38,5255,366.94,1116,77.93
12/30/2021,669,Bronx,COUNTY,11552,806.63,575.73,9513,664.25,2039,142.38
12/29/2021,668,Bronx,COUNTY,12389,865.07,526.84,10248,715.58,2141,149.5
12/28/2021,667,Bronx,COUNTY,11679,815.5,471.65,9984,697.14,1695,118.36
12/27/2021,666,Bronx,COUNTY,11802,824.09,411.72,9791,683.67,2011,140.42
12/26/2021,665,Bronx,COUNTY,4771,333.14,338.2,3697,258.15,1074,74.99
12/25/2021,664,Bronx,COUNTY,1724,120.38,305.83,1412,98.59,312,21.79
12/24/2021,663,Bronx,COUNTY,3799,265.27,303.42,2927,204.38,872,60.89
12/23/2021,662,Bronx,COUNTY,6651,464.41,285.31,5373,375.17,1278,89.24
12/22/2021,661,Bronx,COUNTY,6857,478.8,236.23,5477,382.44,1380,96.36
12/21/2021,660,Bronx,COUNTY,5671,395.98,181.76,4571,319.17,1100,76.81
12/20/2021,659,Bronx,COUNTY,4431,309.4,136.93,3634,253.75,797,55.65
12/19/2021,658,Bronx,COUNTY,1526,106.55,102.24,1073,74.92,453,31.63
12/18/2021,657,Bronx,COUNTY,1483,103.55,90.66,1071,74.78,412,28.77
12/17/2021,656,Bronx,COUNTY,1983,138.46,78.97,1527,106.62,456,31.84
12/16/2021,655,Bronx,COUNTY,1731,120.87,63.88,1327,92.66,404,28.21
12/15/2021,654,Bronx,COUNTY,1396,97.48,51.25,1078,75.27,318,22.2
12/14/2021,653,Bronx,COUNTY,1177,82.19,41.68,894,62.42,283,19.76
12/13/2021,652,Bronx,COUNTY,953,66.54,34.0,736,51.39,217,15.15
12/12/2021,651,Bronx,COUNTY,366,25.56,29.13,256,17.88,110,7.68
12/11/2021,650,Bronx,COUNTY,311,21.72,27.35,267,18.64,44,3.07
12/10/2021,649,Bronx,COUNTY,470,32.82,26.72,337,23.53,133,9.29
12/09/2021,648,Bronx,COUNTY,465,32.47,25.33,359,25.07,106,7.4
12/08/2021,647,Bronx,COUNTY,436,30.44,24.51,342,23.88,94,6.56
12/07/2021,646,Bronx,COUNTY,407,28.42,23.58,337,23.53,70,4.89
12/06/2021,645,Bronx,COUNTY,465,32.47,23.17,355,24.79,110,7.68
12/05/2021,644,Bronx,COUNTY,188,13.13,22.21,122,8.52,66,4.61
12/04/2021,643,Bronx,COUNTY,248,17.32,21.67,177,12.36,71,4.96
12/03/2021,642,Bronx,COUNTY,330,23.04,20.62,246,17.18,84,5.87
12/02/2021,641,Bronx,COUNTY,383,26.74,19.29,305,21.3,78,5.45
12/01/2021,640,Bronx,COUNTY,343,23.95,16.05,273,19.06,70,4.89
11/30/2021,639,Bronx,COUNTY,366,25.56,14.76,282,19.69,84,5.87
11/29/2021,638,Bronx,COUNTY,369,25.77,12.84,279,19.48,90,6.28
11/28/2021,637,Bronx,COUNTY,133,9.29,11.35,88,6.14,45,3.14
11/27/2021,636,Bronx,COUNTY,143,9.99,11.12,99,6.91,44,3.07
11/26/2021,635,Bronx,COUNTY,197,13.76,10.83,138,9.64,59,4.12
11/25/2021,634,Bronx,COUNTY,58,4.05,10.43,36,2.51,22,1.54
11/24/2021,633,Bronx,COUNTY,214,14.94,12.16,157,10.96,57,3.98
11/23/2021,632,Bronx,COUNTY,173,12.08,12.36,139,9.71,34,2.37
11/22/2021,631,Bronx,COUNTY,220,15.36,12.64,154,10.75,66,4.61
11/21/2021,630,Bronx,COUNTY,110,7.68,12.31,76,5.31,34,2.37
11/20/2021,629,Bronx,COUNTY,114,7.96,11.94,70,4.89,44,3.07
11/19/2021,628,Bronx,COUNTY,157,10.96,11.63,111,7.75,46,3.21
11/18/2021,627,Bronx,COUNTY,231,16.13,11.43,174,12.15,57,3.98
11/17/2021,626,Bronx,COUNTY,234,16.34,10.56,169,11.8,65,4.54
11/16/2021,625,Bronx,COUNTY,201,14.04,9.9,151,10.54,50,3.49
11/15/2021,624,Bronx,COUNTY,187,13.06,9.26,139,9.71,48,3.35
11/14/2021,623,Bronx,COUNTY,73,5.1,9.12,45,3.14,28,1.96
11/13/2021,622,Bronx,COUNTY,83,5.8,9.12,61,4.26,22,1.54
11/12/2021,621,Bronx,COUNTY,137,9.57,9.15,108,7.54,29,2.02
11/11/2021,620,Bronx,COUNTY,144,10.05,8.99,93,6.49,51,3.56
11/10/2021,619,Bronx,COUNTY,167,11.66,8.98,125,8.73,42,2.93
11/09/2021,618,Bronx,COUNTY,137,9.57,8.33,104,7.26,33,2.3
11/08/2021,617,Bronx,COUNTY,173,12.08,7.89,139,9.71,34,2.37
11/07/2021,616,Bronx,COUNTY,73,5.1,7.22,43,3.0,30,2.09
11/06/2021,615,Bronx,COUNTY,86,6.01,7.1,54,3.77,32,2.23
11/05/2021,614,Bronx,COUNTY,121,8.45,6.86,97,6.77,24,1.68
11/04/2021,613,Bronx,COUNTY,143,9.99,6.75,107,7.47,36,2.51
11/03/2021,612,Bronx,COUNTY,102,7.12,6.41,76,5.31,26,1.82
11/02/2021,611,Bronx,COUNTY,93,6.49,6.75,70,4.89,23,1.61
11/01/2021,610,Bronx,COUNTY,106,7.4,6.55,76,5.31,30,2.09
10/31/2021,609,Bronx,COUNTY,61,4.26,6.77,45,3.14,16,1.12
10/30/2021,608,Bronx,COUNTY,62,4.33,6.78,42,2.93,20,1.4
10/29/2021,607,Bronx,COUNTY,110,7.68,6.8,88,6.14,22,1.54
10/28/2021,606,Bronx,COUNTY,109,7.61,6.83,83,5.8,26,1.82
10/27/2021,605,Bronx,COUNTY,136,9.5,6.88,100,6.98,36,2.51
10/26/2021,604,Bronx,COUNTY,73,5.1,6.72,61,4.26,12,0.84
10/25/2021,603,Bronx,COUNTY,128,8.94,7.23,96,6.7,32,2.23
10/24/2021,602,Bronx,COUNTY,62,4.33,7.43,39,2.72,23,1.61
10/23/2021,601,Bronx,COUNTY,64,4.47,7.44,56,3.91,8,0.56
10/22/2021,600,Bronx,COUNTY,113,7.89,7.54,90,6.28,23,1.61
10/21/2021,599,Bronx,COUNTY,114,7.96,7.78,87,6.07,27,1.89
10/20/2021,598,Bronx,COUNTY,120,8.38,8.12,98,6.84,22,1.54
10/19/2021,597,Bronx,COUNTY,124,8.66,8.5,97,6.77,27,1.89
10/18/2021,596,Bronx,COUNTY,148,10.33,8.93,118,8.24,30,2.09
10/17/2021,595,Bronx,COUNTY,63,4.4,8.82,47,3.28,16,1.12
10/16/2021,594,Bronx,COUNTY,74,5.17,9.12,53,3.7,21,1.47
10/15/2021,593,Bronx,COUNTY,137,9.57,9.33,111,7.75,26,1.82
10/14/2021,592,Bronx,COUNTY,148,10.33,9.65,105,7.33,43,3.0
10/13/2021,591,Bronx,COUNTY,158,11.03,9.74,122,8.52,36,2.51
10/12/2021,590,Bronx,COUNTY,167,11.66,10.07,128,8.94,39,2.72
10/11/2021,589,Bronx,COUNTY,137,9.57,10.39,108,7.54,29,2.02
10/10/2021,588,Bronx,COUNTY,93,6.49,11.08,63,4.4,30,2.09
10/09/2021,587,Bronx,COUNTY,95,6.63,11.11,68,4.75,27,1.89
10/08/2021,586,Bronx,COUNTY,169,11.8,11.19,125,8.73,44,3.07
10/07/2021,585,Bronx,COUNTY,157,10.96,11.21,120,8.38,37,2.58
10/06/2021,584,Bronx,COUNTY,192,13.41,11.63,142,9.92,50,3.49
10/05/2021,583,Bronx,COUNTY,199,13.9,11.67,161,11.24,38,2.65
10/04/2021,582,Bronx,COUNTY,206,14.38,11.72,163,11.38,43,3.0
10/03/2021,581,Bronx,COUNTY,96,6.7,11.87,63,4.4,33,2.3
10/02/2021,580,Bronx,COUNTY,103,7.19,12.18,70,4.89,33,2.3
10/01/2021,579,Bronx,COUNTY,171,11.94,12.48,130,9.08,41,2.86
09/30/2021,578,Bronx,COUNTY,199,13.9,12.88,149,10.4,50,3.49
09/29/2021,577,Bronx,COUNTY,196,13.69,12.75,151,10.54,45,3.14
09/28/2021,576,Bronx,COUNTY,204,14.24,13.39,157,10.96,47,3.28
09/27/2021,575,Bronx,COUNTY,221,15.43,13.98,176,12.29,45,3.14
09/26/2021,574,Bronx,COUNTY,127,8.87,14.92,102,7.12,25,1.75
09/25/2021,573,Bronx,COUNTY,133,9.29,15.59,97,6.77,36,2.51
09/24/2021,572,Bronx,COUNTY,211,14.73,15.75,154,10.75,57,3.98
09/23/2021,571,Bronx,COUNTY,186,12.99,15.84,142,9.92,44,3.07
09/22/2021,570,Bronx,COUNTY,260,18.15,16.33,212,14.8,48,3.35
09/21/2021,569,Bronx,COUNTY,263,18.36,16.61,202,14.1,61,4.26
09/20/2021,568,Bronx,COUNTY,316,22.07,16.54,242,16.9,74,5.17
09/19/2021,567,Bronx,COUNTY,194,13.55,16.2,135,9.43,59,4.12
09/18/2021,566,Bronx,COUNTY,149,10.4,16.01,109,7.61,40,2.79
09/17/2021,565,Bronx,COUNTY,220,15.36,16.46,173,12.08,47,3.28
09/16/2021,564,Bronx,COUNTY,235,16.41,17.38,183,12.78,52,3.63
09/15/2021,563,Bronx,COUNTY,288,20.11,17.9,237,16.55,51,3.56
09/14/2021,562,Bronx,COUNTY,256,17.88,18.13,197,13.76,59,4.12
09/13/2021,561,Bronx,COUNTY,282,19.69,19.3,223,15.57,59,4.12
09/12/2021,560,Bronx,COUNTY,175,12.22,18.71,121,8.45,54,3.77
09/11/2021,559,Bronx,COUNTY,194,13.55,18.73,145,10.12,49,3.42
09/10/2021,558,Bronx,COUNTY,312,21.79,18.54,233,16.27,79,5.52
09/09/2021,557,Bronx,COUNTY,287,20.04,18.37,227,15.85,60,4.19
09/08/2021,556,Bronx,COUNTY,312,21.79,18.54,240,16.76,72,5.03
09/07/2021,555,Bronx,COUNTY,373,26.05,18.54,269,18.78,104,7.26
09/06/2021,554,Bronx,COUNTY,223,15.57,18.25,163,11.38,60,4.19
09/05/2021,553,Bronx,COUNTY,177,12.36,19.91,133,9.29,44,3.07
09/04/2021,552,Bronx,COUNTY,175,12.22,20.06,127,8.87,48,3.35
09/03/2021,551,Bronx,COUNTY,295,20.6,20.67,222,15.5,73,5.1
09/02/2021,550,Bronx,COUNTY,304,21.23,21.05,218,15.22,86,6.01
09/01/2021,549,Bronx,COUNTY,312,21.79,21.32,229,15.99,83,5.8
08/31/2021,548,Bronx,COUNTY,344,24.02,21.76,264,18.43,80,5.59
08/30/2021,547,Bronx,COUNTY,389,27.16,22.24,298,20.81,91,6.35
08/29/2021,546,Bronx,COUNTY,192,13.41,22.14,143,9.99,49,3.42
08/28/2021,545,Bronx,COUNTY,236,16.48,21.66,166,11.59,70,4.89
08/27/2021,544,Bronx,COUNTY,333,23.25,21.89,239,16.69,94,6.56
08/26/2021,543,Bronx,COUNTY,331,23.11,22.22,258,18.02,73,5.1
08/25/2021,542,Bronx,COUNTY,356,24.86,22.38,287,20.04,69,4.82
08/24/2021,541,Bronx,COUNTY,393,27.44,22.48,299,20.88,94,6.56
08/23/2021,540,Bronx,COUNTY,379,26.46,22.44,282,19.69,97,6.77
08/22/2021,539,Bronx,COUNTY,143,9.99,23.08,104,7.26,39,2.72
08/21/2021,538,Bronx,COUNTY,259,18.08,23.58,176,12.29,83,5.8
08/20/2021,537,Bronx,COUNTY,367,25.63,22.95,282,19.69,85,5.94
08/19/2021,536,Bronx,COUNTY,347,24.23,22.95,256,17.88,91,6.35
08/18/2021,535,Bronx,COUNTY,366,25.56,22.41,274,19.13,92,6.42
08/17/2021,534,Bronx,COUNTY,389,27.16,21.82,295,20.6,94,6.56
08/16/2021,533,Bronx,COUNTY,443,30.93,21.37,323,22.55,120,8.38
08/15/2021,532,Bronx,COUNTY,193,13.48,20.48,130,9.08,63,4.4
08/14/2021,531,Bronx,COUNTY,196,13.69,20.53,143,9.99,53,3.7
08/13/2021,530,Bronx,COUNTY,367,25.63,20.95,272,18.99,95,6.63
08/12/2021,529,Bronx,COUNTY,293,20.46,20.02,229,15.99,64,4.47
08/11/2021,528,Bronx,COUNTY,306,21.37,19.9,265,18.5,41,2.86
08/10/2021,527,Bronx,COUNTY,344,24.02,19.61,259,18.08,85,5.94
08/09/2021,526,Bronx,COUNTY,354,24.72,19.26,281,19.62,73,5.1
08/08/2021,525,Bronx,COUNTY,198,13.83,18.82,155,10.82,43,3.0
08/07/2021,524,Bronx,COUNTY,238,16.62,18.37,181,12.64,57,3.98
08/06/2021,523,Bronx,COUNTY,274,19.13,17.89,204,14.24,70,4.89
08/05/2021,522,Bronx,COUNTY,281,19.62,17.42,203,14.17,78,5.45
08/04/2021,521,Bronx,COUNTY,277,19.34,16.91,216,15.08,61,4.26
08/03/2021,520,Bronx,COUNTY,309,21.58,16.91,224,15.64,85,5.94
08/02/2021,519,Bronx,COUNTY,310,21.65,15.77,223,15.57,87,6.07
08/01/2021,518,Bronx,COUNTY,153,10.68,14.91,95,6.63,58,4.05
07/31/2021,517,Bronx,COUNTY,189,13.2,14.41,130,9.08,59,4.12
07/30/2021,516,Bronx,COUNTY,227,15.85,13.52,155,10.82,72,5.03
07/29/2021,515,Bronx,COUNTY,230,16.06,12.82,172,12.01,58,4.05
07/28/2021,514,Bronx,COUNTY,277,19.34,12.36,181,12.64,96,6.7
07/27/2021,513,Bronx,COUNTY,195,13.62,11.1,137,9.57,58,4.05
07/26/2021,512,Bronx,COUNTY,224,15.64,10.3,155,10.82,69,4.82
07/25/2021,511,Bronx,COUNTY,103,7.19,9.61,67,4.68,36,2.51
07/24/2021,510,Bronx,COUNTY,99,6.91,9.16,59,4.12,40,2.79
07/23/2021,509,Bronx,COUNTY,157,10.96,8.97,118,8.24,39,2.72
07/22/2021,508,Bronx,COUNTY,184,12.85,8.48,138,9.64,46,3.21
07/21/2021,507,Bronx,COUNTY,151,10.54,7.69,125,8.73,26,1.82
07/20/2021,506,Bronx,COUNTY,115,8.03,7.06,93,6.49,22,1.54
07/19/2021,505,Bronx,COUNTY,154,10.75,6.59,108,7.54,46,3.21
07/18/2021,504,Bronx,COUNTY,58,4.05,6.0,37,2.58,21,1.47
07/17/2021,503,Bronx,COUNTY,80,5.59,5.88,59,4.12,21,1.47
07/16/2021,502,Bronx,COUNTY,108,7.54,5.65,72,5.03,36,2.51
07/15/2021,501,Bronx,COUNTY,105,7.33,5.26,69,4.82,36,2.51
07/14/2021,500,Bronx,COUNTY,88,6.14,4.87,56,3.91,32,2.23
07/13/2021,499,Bronx,COUNTY,68,4.75,4.64,44,3.07,24,1.68
07/12/2021,498,Bronx,COUNTY,94,6.56,4.64,68,4.75,26,1.82
07/11/2021,497,Bronx,COUNTY,46,3.21,4.0,33,2.3,13,0.91
07/10/2021,496,Bronx,COUNTY,57,3.98,3.71,39,2.72,18,1.26
07/09/2021,495,Bronx,COUNTY,69,4.82,3.41,56,3.91,13,0.91
07/08/2021,494,Bronx,COUNTY,66,4.61,3.21,44,3.07,22,1.54
07/07/2021,493,Bronx,COUNTY,65,4.54,2.91,48,3.35,17,1.19
07/06/2021,492,Bronx,COUNTY,68,4.75,2.71,47,3.28,21,1.47
07/05/2021,491,Bronx,COUNTY,30,2.09,2.44,20,1.4,10,0.7
07/04/2021,490,Bronx,COUNTY,17,1.19,2.57,14,0.98,3,0.21
07/03/2021,489,Bronx,COUNTY,27,1.89,2.6,18,1.26,9,0.63
07/02/2021,488,Bronx,COUNTY,49,3.42,2.52,33,2.3,16,1.12
07/01/2021,487,Bronx,COUNTY,36,2.51,2.29,28,1.96,8,0.56
06/30/2021,486,Bronx,COUNTY,45,3.14,2.18,31,2.16,14,0.98
06/29/2021,485,Bronx,COUNTY,41,2.86,2.09,33,2.3,8,0.56
06/28/2021,484,Bronx,COUNTY,43,3.0,1.92,29,2.02,14,0.98
06/27/2021,483,Bronx,COUNTY,20,1.4,1.85,17,1.19,3,0.21
06/26/2021,482,Bronx,COUNTY,19,1.33,1.84,11,0.77,8,0.56
06/25/2021,481,Bronx,COUNTY,26,1.82,1.9,13,0.91,13,0.91
06/24/2021,480,Bronx,COUNTY,25,1.75,1.87,16,1.12,9,0.63
06/23/2021,479,Bronx,COUNTY,36,2.51,2.05,28,1.96,8,0.56
06/22/2021,478,Bronx,COUNTY,23,1.61,2.14,17,1.19,6,0.42
06/21/2021,477,Bronx,COUNTY,36,2.51,2.26,27,1.89,9,0.63
06/20/2021,476,Bronx,COUNTY,19,1.33,2.35,15,1.05,4,0.28
06/19/2021,475,Bronx,COUNTY,25,1.75,2.41,17,1.19,8,0.56
06/18/2021,474,Bronx,COUNTY,23,1.61,2.48,19,1.33,4,0.28
06/17/2021,473,Bronx,COUNTY,44,3.07,2.73,35,2.44,9,0.63
06/16/2021,472,Bronx,COUNTY,45,3.14,2.73,33,2.3,12,0.84
06/15/2021,471,Bronx,COUNTY,35,2.44,2.93,32,2.23,3,0.21
06/14/2021,470,Bronx,COUNTY,45,3.14,3.17,35,2.44,10,0.7
06/13/2021,469,Bronx,COUNTY,25,1.75,3.51,17,1.19,8,0.56
06/12/2021,468,Bronx,COUNTY,32,2.23,3.56,24,1.68,8,0.56
06/11/2021,467,Bronx,COUNTY,48,3.35,3.84,35,2.44,13,0.91
06/10/2021,466,Bronx,COUNTY,44,3.07,4.12,32,2.23,12,0.84
06/09/2021,465,Bronx,COUNTY,65,4.54,4.16,56,3.91,9,0.63
06/08/2021,464,Bronx,COUNTY,59,4.12,4.23,44,3.07,15,1.05
06/07/2021,463,Bronx,COUNTY,79,5.52,4.52,61,4.26,18,1.26
06/06/2021,462,Bronx,COUNTY,30,2.09,3.98,22,1.54,8,0.56
06/05/2021,461,Bronx,COUNTY,60,4.19,4.01,45,3.14,15,1.05
06/04/2021,460,Bronx,COUNTY,76,5.31,3.78,53,3.7,23,1.61
06/03/2021,459,Bronx,COUNTY,48,3.35,3.48,40,2.79,8,0.56
06/02/2021,458,Bronx,COUNTY,72,5.03,3.73,48,3.35,24,1.68
06/01/2021,457,Bronx,COUNTY,88,6.14,3.61,73,5.1,15,1.05
05/31/2021,456,Bronx,COUNTY,25,1.75,3.5,16,1.12,9,0.63
05/30/2021,455,Bronx,COUNTY,33,2.3,4.05,26,1.82,7,0.49
05/29/2021,454,Bronx,COUNTY,37,2.58,4.06,27,1.89,10,0.7
05/28/2021,453,Bronx,COUNTY,46,3.21,4.29,36,2.51,10,0.7
05/27/2021,452,Bronx,COUNTY,73,5.1,4.59,60,4.19,13,0.91
05/26/2021,451,Bronx,COUNTY,60,4.19,4.68,53,3.7,7,0.49
05/25/2021,450,Bronx,COUNTY,77,5.38,5.1,54,3.77,23,1.61
05/24/2021,449,Bronx,COUNTY,80,5.59,5.21,60,4.19,20,1.4
05/23/2021,448,Bronx,COUNTY,34,2.37,5.53,25,1.75,9,0.63
05/22/2021,447,Bronx,COUNTY,60,4.19,5.82,38,2.65,22,1.54
05/21/2021,446,Bronx,COUNTY,76,5.31,5.88,56,3.91,20,1.4
05/20/2021,445,Bronx,COUNTY,82,5.73,6.33,67,4.68,15,1.05
05/19/2021,444,Bronx,COUNTY,102,7.12,6.66,79,5.52,23,1.61
05/18/2021,443,Bronx,COUNTY,88,6.14,6.87,72,5.03,16,1.12
05/17/2021,442,Bronx,COUNTY,112,7.82,7.2,84,5.87,28,1.96
05/16/2021,441,Bronx,COUNTY,63,4.4,7.68,47,3.28,16,1.12
05/15/2021,440,Bronx,COUNTY,66,4.61,7.77,52,3.63,14,0.98
05/14/2021,439,Bronx,COUNTY,122,8.52,7.96,83,5.8,39,2.72
05/13/2021,438,Bronx,COUNTY,115,8.03,8.43,88,6.14,27,1.89
05/12/2021,437,Bronx,COUNTY,123,8.59,9.16,106,7.4,17,1.19
05/11/2021,436,Bronx,COUNTY,121,8.45,9.82,97,6.77,24,1.68
05/10/2021,435,Bronx,COUNTY,160,11.17,10.6,130,9.08,30,2.09
05/09/2021,434,Bronx,COUNTY,72,5.03,11.11,57,3.98,15,1.05
05/08/2021,433,Bronx,COUNTY,85,5.94,11.55,62,4.33,23,1.61
05/07/2021,432,Bronx,COUNTY,169,11.8,12.04,142,9.92,27,1.89
05/06/2021,431,Bronx,COUNTY,188,13.13,12.64,133,9.29,55,3.84
05/05/2021,430,Bronx,COUNTY,189,13.2,12.82,144,10.05,45,3.14
05/04/2021,429,Bronx,COUNTY,200,13.97,13.55,166,11.59,34,2.37
05/03/2021,428,Bronx,COUNTY,211,14.73,14.33,160,11.17,51,3.56
05/02/2021,427,Bronx,COUNTY,116,8.1,15.24,72,5.03,44,3.07
05/01/2021,426,Bronx,COUNTY,134,9.36,15.42,98,6.84,36,2.51
04/30/2021,425,Bronx,COUNTY,229,15.99,15.77,179,12.5,50,3.49
04/29/2021,424,Bronx,COUNTY,206,14.38,16.38,151,10.54,55,3.84
04/28/2021,423,Bronx,COUNTY,262,18.29,17.35,200,13.97,62,4.33
04/27/2021,422,Bronx,COUNTY,279,19.48,17.77,212,14.8,67,4.68
04/26/2021,421,Bronx,COUNTY,302,21.09,18.82,230,16.06,72,5.03
04/25/2021,420,Bronx,COUNTY,134,9.36,19.76,94,6.56,40,2.79
04/24/2021,419,Bronx,COUNTY,169,11.8,20.84,127,8.87,42,2.93
04/23/2021,418,Bronx,COUNTY,290,20.25,21.93,236,16.48,54,3.77
04/22/2021,417,Bronx,COUNTY,303,21.16,22.97,223,15.57,80,5.59
04/21/2021,416,Bronx,COUNTY,304,21.23,24.67,216,15.08,88,6.14
04/20/2021,415,Bronx,COUNTY,385,26.88,26.21,284,19.83,101,7.05
04/19/2021,414,Bronx,COUNTY,396,27.65,27.44,293,20.46,103,7.19
04/18/2021,413,Bronx,COUNTY,242,16.9,28.94,167,11.66,75,5.24
04/17/2021,412,Bronx,COUNTY,278,19.41,29.42,212,14.8,66,4.61
04/16/2021,411,Bronx,COUNTY,395,27.58,30.24,278,19.41,117,8.17
04/15/2021,410,Bronx,COUNTY,473,33.03,31.34,381,26.6,92,6.42
04/14/2021,409,Bronx,COUNTY,459,32.05,32.52,355,24.79,104,7.26
04/13/2021,408,Bronx,COUNTY,508,35.47,34.39,393,27.44,115,8.03
04/12/2021,407,Bronx,COUNTY,546,38.12,36.43,424,29.61,122,8.52
04/11/2021,406,Bronx,COUNTY,290,20.25,37.93,188,13.13,102,7.12
04/10/2021,405,Bronx,COUNTY,361,25.21,37.92,246,17.18,115,8.03
04/09/2021,404,Bronx,COUNTY,505,35.26,38.43,397,27.72,108,7.54
04/08/2021,403,Bronx,COUNTY,591,41.27,38.53,432,30.16,159,11.1
04/07/2021,402,Bronx,COUNTY,647,45.18,39.08,485,33.87,162,11.31
04/06/2021,401,Bronx,COUNTY,712,49.72,39.88,545,38.06,167,11.66
04/05/2021,400,Bronx,COUNTY,696,48.6,40.7,541,37.78,155,10.82
04/04/2021,399,Bronx,COUNTY,289,20.18,42.11,198,13.83,91,6.35
04/03/2021,398,Bronx,COUNTY,413,28.84,43.04,335,23.39,78,5.45
04/02/2021,397,Bronx,COUNTY,515,35.96,43.85,383,26.74,132,9.22
04/01/2021,396,Bronx,COUNTY,646,45.11,46.23,526,36.73,120,8.38
03/31/2021,395,Bronx,COUNTY,727,50.76,48.45,537,37.5,190,13.27
03/30/2021,394,Bronx,COUNTY,794,55.44,49.4,633,44.2,161,11.24
03/29/2021,393,Bronx,COUNTY,837,58.44,48.93,662,46.22,175,12.22
03/28/2021,392,Bronx,COUNTY,383,26.74,49.59,272,18.99,111,7.75
03/27/2021,391,Bronx,COUNTY,494,34.49,49.9,380,26.53,114,7.96
03/26/2021,390,Bronx,COUNTY,754,52.65,49.55,596,41.62,158,11.03
03/25/2021,389,Bronx,COUNTY,868,60.61,49.59,661,46.15,207,14.45
03/24/2021,388,Bronx,COUNTY,822,57.4,47.55,623,43.5,199,13.9
03/23/2021,387,Bronx,COUNTY,747,52.16,46.64,593,41.41,154,10.75
03/22/2021,386,Bronx,COUNTY,903,63.05,46.84,701,48.95,202,14.1
03/21/2021,385,Bronx,COUNTY,414,28.91,45.6,296,20.67,118,8.24
03/20/2021,384,Bronx,COUNTY,459,32.05,45.44,342,23.88,117,8.17
03/19/2021,383,Bronx,COUNTY,758,52.93,45.69,589,41.13,169,11.8
03/18/2021,382,Bronx,COUNTY,664,46.36,45.47,534,37.29,130,9.08
03/17/2021,381,Bronx,COUNTY,731,51.04,45.92,552,38.54,179,12.5
03/16/2021,380,Bronx,COUNTY,767,53.56,46.02,603,42.11,164,11.45
03/15/2021,379,Bronx,COUNTY,778,54.32,46.2,617,43.08,161,11.24
03/14/2021,378,Bronx,COUNTY,398,27.79,46.57,261,18.22,137,9.57
03/13/2021,377,Bronx,COUNTY,484,33.8,46.47,344,24.02,140,9.78
03/12/2021,376,Bronx,COUNTY,736,51.39,46.02,596,41.62,140,9.78
03/11/2021,375,Bronx,COUNTY,709,49.51,45.93,550,38.4,159,11.1
03/10/2021,374,Bronx,COUNTY,741,51.74,46.29,567,39.59,174,12.15
03/09/2021,373,Bronx,COUNTY,786,54.88,46.95,622,43.43,164,11.45
03/08/2021,372,Bronx,COUNTY,815,56.91,46.39,649,45.32,166,11.59
03/07/2021,371,Bronx,COUNTY,388,27.09,47.45,287,20.04,101,7.05
03/06/2021,370,Bronx,COUNTY,438,30.58,48.12,334,23.32,104,7.26
03/05/2021,369,Bronx,COUNTY,727,50.76,48.48,583,40.71,144,10.05
03/04/2021,368,Bronx,COUNTY,746,52.09,49.81,601,41.97,145,10.12
03/03/2021,367,Bronx,COUNTY,807,56.35,51.41,644,44.97,163,11.38
03/02/2021,366,Bronx,COUNTY,730,50.97,52.37,585,40.85,145,10.12
03/01/2021,365,Bronx,COUNTY,921,64.31,54.49,763,53.28,158,11.03
02/28/2021,364,Bronx,COUNTY,455,31.77,54.21,345,24.09,110,7.68
02/27/2021,363,Bronx,COUNTY,474,33.1,53.75,396,27.65,78,5.45
02/26/2021,362,Bronx,COUNTY,860,60.05,55.7,686,47.9,174,12.15
02/25/2021,361,Bronx,COUNTY,907,63.33,54.74,734,51.25,173,12.08
02/24/2021,360,Bronx,COUNTY,903,63.05,50.65,743,51.88,160,11.17
02/23/2021,359,Bronx,COUNTY,943,65.85,51.36,749,52.3,194,13.55
02/22/2021,358,Bronx,COUNTY,893,62.35,51.64,757,52.86,136,9.5
02/21/2021,357,Bronx,COUNTY,408,28.49,48.98,358,25.0,50,3.49
02/20/2021,356,Bronx,COUNTY,670,46.78,49.65,525,36.66,145,10.12
02/19/2021,355,Bronx,COUNTY,764,53.35,48.61,627,43.78,137,9.57
02/18/2021,354,Bronx,COUNTY,497,34.7,50.09,389,27.16,108,7.54
02/17/2021,353,Bronx,COUNTY,974,68.01,53.97,795,55.51,179,12.5
02/16/2021,352,Bronx,COUNTY,971,67.8,54.56,803,56.07,168,11.73
02/15/2021,351,Bronx,COUNTY,626,43.71,55.67,549,38.33,77,5.38
02/14/2021,350,Bronx,COUNTY,475,33.17,61.62,368,25.7,107,7.47
02/13/2021,349,Bronx,COUNTY,566,39.52,61.01,443,30.93,123,8.59
02/12/2021,348,Bronx,COUNTY,912,63.68,64.06,775,54.12,137,9.57
02/11/2021,347,Bronx,COUNTY,886,61.87,66.84,760,53.07,126,8.8
02/10/2021,346,Bronx,COUNTY,1034,72.2,71.04,902,62.98,132,9.22
02/09/2021,345,Bronx,COUNTY,1082,75.55,73.77,908,63.4,174,12.15
02/08/2021,344,Bronx,COUNTY,1222,85.33,67.81,1003,70.04,219,15.29
02/07/2021,343,Bronx,COUNTY,414,28.91,57.66,319,22.27,95,6.63
02/06/2021,342,Bronx,COUNTY,872,60.89,60.73,745,52.02,127,8.87
02/05/2021,341,Bronx,COUNTY,1191,83.16,58.91,995,69.48,196,13.69
02/04/2021,340,Bronx,COUNTY,1307,91.26,56.37,1106,77.23,201,14.04
02/03/2021,339,Bronx,COUNTY,1307,91.26,54.77,1134,79.18,173,12.08
02/02/2021,338,Bronx,COUNTY,485,33.87,53.6,445,31.07,40,2.79
02/01/2021,337,Bronx,COUNTY,204,14.24,61.04,173,12.08,31,2.16
01/31/2021,336,Bronx,COUNTY,722,50.41,73.04,573,40.01,149,10.4
01/30/2021,335,Bronx,COUNTY,690,48.18,72.37,554,38.68,136,9.5
01/29/2021,334,Bronx,COUNTY,936,65.36,74.01,761,53.14,175,12.22
01/28/2021,333,Bronx,COUNTY,1147,80.09,77.67,981,68.5,166,11.59
01/27/2021,332,Bronx,COUNTY,1189,83.02,77.86,996,69.55,193,13.48
01/26/2021,331,Bronx,COUNTY,1231,85.96,78.63,1030,71.92,201,14.04
01/25/2021,330,Bronx,COUNTY,1407,98.25,79.44,1214,84.77,193,13.48
01/24/2021,329,Bronx,COUNTY,655,45.74,75.3,503,35.12,152,10.61
01/23/2021,328,Bronx,COUNTY,854,59.63,75.26,699,48.81,155,10.82
01/22/2021,327,Bronx,COUNTY,1303,90.98,74.69,1087,75.9,216,15.08
01/21/2021,326,Bronx,COUNTY,1166,81.42,72.89,992,69.27,174,12.15
01/20/2021,325,Bronx,COUNTY,1267,88.47,73.03,1087,75.9,180,12.57
01/19/2021,324,Bronx,COUNTY,1312,91.61,72.79,1115,77.86,197,13.76
01/18/2021,323,Bronx,COUNTY,992,69.27,71.59,782,54.6,210,14.66
01/17/2021,322,Bronx,COUNTY,651,45.46,74.66,515,35.96,136,9.5
01/16/2021,321,Bronx,COUNTY,797,55.65,74.42,645,45.04,152,10.61
01/15/2021,320,Bronx,COUNTY,1122,78.34,74.73,957,66.82,165,11.52
01/14/2021,319,Bronx,COUNTY,1180,82.39,75.0,1009,70.45,171,11.94
01/13/2021,318,Bronx,COUNTY,1243,86.79,74.72,1050,73.32,193,13.48
01/12/2021,317,Bronx,COUNTY,1192,83.23,75.21,1012,70.66,180,12.57
01/11/2021,316,Bronx,COUNTY,1300,90.77,77.46,1124,78.48,176,12.29
01/10/2021,315,Bronx,COUNTY,627,43.78,79.03,470,32.82,157,10.96
01/09/2021,314,Bronx,COUNTY,828,57.82,78.83,692,48.32,136,9.5
01/08/2021,313,Bronx,COUNTY,1149,80.23,79.15,984,68.71,165,11.52
01/07/2021,312,Bronx,COUNTY,1152,80.44,70.38,989,69.06,163,11.38
01/06/2021,311,Bronx,COUNTY,1292,90.22,66.37,1118,78.07,174,12.15
01/05/2021,310,Bronx,COUNTY,1417,98.94,64.6,1207,84.28,210,14.66
01/04/2021,309,Bronx,COUNTY,1458,101.81,61.92,1266,88.4,192,13.41
01/03/2021,308,Bronx,COUNTY,607,42.38,59.16,511,35.68,96,6.7
01/02/2021,307,Bronx,COUNTY,860,60.05,59.1,734,51.25,126,8.8
01/01/2021,306,Bronx,COUNTY,270,18.85,57.29,202,14.1,68,4.75
12/31/2020,305,Bronx,COUNTY,750,52.37,56.51,671,46.85,79,5.52
12/30/2020,304,Bronx,COUNTY,1114,77.79,54.81,963,67.24,151,10.54
12/29/2020,303,Bronx,COUNTY,1148,80.16,51.66,1009,70.45,139,9.71
12/28/2020,302,Bronx,COUNTY,1182,82.53,49.11,1031,71.99,151,10.54
12/27/2020,301,Bronx,COUNTY,601,41.97,45.8,489,34.14,112,7.82
12/26/2020,300,Bronx,COUNTY,678,47.34,43.67,555,38.75,123,8.59
12/25/2020,299,Bronx,COUNTY,192,13.41,41.73,151,10.54,41,2.86
12/24/2020,298,Bronx,COUNTY,580,40.5,47.11,516,36.03,64,4.47
12/23/2020,297,Bronx,COUNTY,798,55.72,44.87,664,46.36,134,9.36
12/22/2020,296,Bronx,COUNTY,892,62.28,42.18,737,51.46,155,10.82
12/21/2020,295,Bronx,COUNTY,850,59.35,41.21,748,52.23,102,7.12
12/20/2020,294,Bronx,COUNTY,388,27.09,40.17,295,20.6,93,6.49
12/19/2020,293,Bronx,COUNTY,483,33.73,40.46,414,28.91,69,4.82
12/18/2020,292,Bronx,COUNTY,732,51.11,40.04,625,43.64,107,7.47
12/17/2020,291,Bronx,COUNTY,355,24.79,38.69,267,18.64,88,6.14
12/16/2020,290,Bronx,COUNTY,529,36.94,42.05,437,30.51,92,6.42
12/15/2020,289,Bronx,COUNTY,794,55.44,43.34,645,45.04,149,10.4
12/14/2020,288,Bronx,COUNTY,746,52.09,41.6,624,43.57,122,8.52
12/13/2020,287,Bronx,COUNTY,417,29.12,41.28,310,21.65,107,7.47
12/12/2020,286,Bronx,COUNTY,441,30.79,40.32,378,26.39,63,4.4
12/11/2020,285,Bronx,COUNTY,597,41.69,40.08,505,35.26,92,6.42
12/10/2020,284,Bronx,COUNTY,691,48.25,41.05,582,40.64,109,7.61
12/09/2020,283,Bronx,COUNTY,659,46.02,40.69,539,37.64,120,8.38
12/08/2020,282,Bronx,COUNTY,619,43.22,40.46,501,34.98,118,8.24
12/07/2020,281,Bronx,COUNTY,714,49.86,41.35,580,40.5,134,9.36
12/06/2020,280,Bronx,COUNTY,321,22.41,39.97,255,17.81,66,4.61
12/05/2020,279,Bronx,COUNTY,417,29.12,39.88,328,22.9,89,6.21
12/04/2020,278,Bronx,COUNTY,694,48.46,40.02,572,39.94,122,8.52
12/03/2020,277,Bronx,COUNTY,655,45.74,38.24,529,36.94,126,8.8
12/02/2020,276,Bronx,COUNTY,636,44.41,33.41,530,37.01,106,7.4
12/01/2020,275,Bronx,COUNTY,708,49.44,32.02,586,40.92,122,8.52
11/30/2020,274,Bronx,COUNTY,576,40.22,29.61,462,32.26,114,7.96
11/29/2020,273,Bronx,COUNTY,312,21.79,29.22,231,16.13,81,5.66
11/28/2020,272,Bronx,COUNTY,431,30.09,28.6,328,22.9,103,7.19
11/27/2020,271,Bronx,COUNTY,516,36.03,27.46,386,26.95,130,9.08
11/26/2020,270,Bronx,COUNTY,170,11.87,26.54,135,9.43,35,2.44
11/25/2020,269,Bronx,COUNTY,497,34.7,29.21,424,29.61,73,5.1
11/24/2020,268,Bronx,COUNTY,466,32.54,28.18,382,26.67,84,5.87
11/23/2020,267,Bronx,COUNTY,537,37.5,27.55,454,31.7,83,5.8
11/22/2020,266,Bronx,COUNTY,250,17.46,26.06,189,13.2,61,4.26
11/21/2020,265,Bronx,COUNTY,317,22.13,25.43,253,17.67,64,4.47
11/20/2020,264,Bronx,COUNTY,424,29.61,24.84,342,23.88,82,5.73
11/19/2020,263,Bronx,COUNTY,437,30.51,24.0,366,25.56,71,4.96
11/18/2020,262,Bronx,COUNTY,394,27.51,22.83,314,21.93,80,5.59
11/17/2020,261,Bronx,COUNTY,403,28.14,22.01,342,23.88,61,4.26
11/16/2020,260,Bronx,COUNTY,387,27.02,21.22,330,23.04,57,3.98
11/15/2020,259,Bronx,COUNTY,187,13.06,20.3,139,9.71,48,3.35
11/14/2020,258,Bronx,COUNTY,258,18.02,19.93,195,13.62,63,4.4
11/13/2020,257,Bronx,COUNTY,340,23.74,19.04,275,19.2,65,4.54
11/12/2020,256,Bronx,COUNTY,320,22.34,17.99,238,16.62,82,5.73
11/11/2020,255,Bronx,COUNTY,311,21.72,17.17,249,17.39,62,4.33
11/10/2020,254,Bronx,COUNTY,324,22.62,16.42,272,18.99,52,3.63
11/09/2020,253,Bronx,COUNTY,295,20.6,15.03,242,16.9,53,3.7
11/08/2020,252,Bronx,COUNTY,150,10.47,14.12,104,7.26,46,3.21
11/07/2020,251,Bronx,COUNTY,169,11.8,13.62,128,8.94,41,2.86
11/06/2020,250,Bronx,COUNTY,234,16.34,12.74,188,13.13,46,3.21
11/05/2020,249,Bronx,COUNTY,238,16.62,11.84,191,13.34,47,3.28
11/04/2020,248,Bronx,COUNTY,236,16.48,10.61,193,13.48,43,3.0
11/03/2020,247,Bronx,COUNTY,185,12.92,9.69,158,11.03,27,1.89
11/02/2020,246,Bronx,COUNTY,204,14.24,9.32,152,10.61,52,3.63
11/01/2020,245,Bronx,COUNTY,99,6.91,8.86,60,4.19,39,2.72
10/31/2020,244,Bronx,COUNTY,81,5.66,8.68,66,4.61,15,1.05
10/30/2020,243,Bronx,COUNTY,144,10.05,8.79,119,8.31,25,1.75
10/29/2020,242,Bronx,COUNTY,115,8.03,8.69,101,7.05,14,0.98
10/28/2020,241,Bronx,COUNTY,143,9.99,8.84,127,8.87,16,1.12
10/27/2020,240,Bronx,COUNTY,148,10.33,8.61,120,8.38,28,1.96
10/26/2020,239,Bronx,COUNTY,158,11.03,8.16,138,9.64,20,1.4
10/25/2020,238,Bronx,COUNTY,81,5.66,7.79,65,4.54,16,1.12
10/24/2020,237,Bronx,COUNTY,92,6.42,7.47,75,5.24,17,1.19
10/23/2020,236,Bronx,COUNTY,134,9.36,7.24,119,8.31,15,1.05
10/22/2020,235,Bronx,COUNTY,130,9.08,6.74,125,8.73,5,0.35
10/21/2020,234,Bronx,COUNTY,120,8.38,6.54,101,7.05,19,1.33
10/20/2020,233,Bronx,COUNTY,103,7.19,6.39,91,6.35,12,0.84
10/19/2020,232,Bronx,COUNTY,121,8.45,6.48,105,7.33,16,1.12
10/18/2020,231,Bronx,COUNTY,49,3.42,5.83,46,3.21,3,0.21
10/17/2020,230,Bronx,COUNTY,69,4.82,5.72,62,4.33,7,0.49
10/16/2020,229,Bronx,COUNTY,84,5.87,5.43,77,5.38,7,0.49
10/15/2020,228,Bronx,COUNTY,110,7.68,5.49,93,6.49,17,1.19
10/14/2020,227,Bronx,COUNTY,105,7.33,5.26,94,6.56,11,0.77
10/13/2020,226,Bronx,COUNTY,112,7.82,5.04,96,6.7,16,1.12
10/12/2020,225,Bronx,COUNTY,55,3.84,4.62,54,3.77,1,0.07
10/11/2020,224,Bronx,COUNTY,38,2.65,5.02,37,2.58,1,0.07
10/10/2020,223,Bronx,COUNTY,40,2.79,4.98,40,2.79,0,0.0
10/09/2020,222,Bronx,COUNTY,90,6.28,4.94,90,6.28,0,0.0
10/08/2020,221,Bronx,COUNTY,87,6.07,4.82,86,6.01,1,0.07
10/07/2020,220,Bronx,COUNTY,83,5.8,4.74,80,5.59,3,0.21
10/06/2020,219,Bronx,COUNTY,70,4.89,4.49,70,4.89,0,0.0
10/05/2020,218,Bronx,COUNTY,95,6.63,4.46,94,6.56,1,0.07
10/04/2020,217,Bronx,COUNTY,34,2.37,4.36,34,2.37,0,0.0
10/03/2020,216,Bronx,COUNTY,36,2.51,4.33,35,2.44,1,0.07
10/02/2020,215,Bronx,COUNTY,78,5.45,4.4,77,5.38,1,0.07
10/01/2020,214,Bronx,COUNTY,79,5.52,4.13,79,5.52,0,0.0
09/30/2020,213,Bronx,COUNTY,58,4.05,3.95,58,4.05,0,0.0
09/29/2020,212,Bronx,COUNTY,67,4.68,4.23,67,4.68,0,0.0
09/28/2020,211,Bronx,COUNTY,85,5.94,4.19,85,5.94,0,0.0
09/27/2020,210,Bronx,COUNTY,31,2.16,4.09,30,2.09,1,0.07
09/26/2020,209,Bronx,COUNTY,43,3.0,4.02,43,3.0,0,0.0
09/25/2020,208,Bronx,COUNTY,51,3.56,3.93,51,3.56,0,0.0
09/24/2020,207,Bronx,COUNTY,61,4.26,3.91,61,4.26,0,0.0
09/23/2020,206,Bronx,COUNTY,86,6.01,3.94,85,5.94,1,0.07
09/22/2020,205,Bronx,COUNTY,63,4.4,3.59,62,4.33,1,0.07
09/21/2020,204,Bronx,COUNTY,75,5.24,3.54,74,5.17,1,0.07
09/20/2020,203,Bronx,COUNTY,24,1.68,3.53,24,1.68,0,0.0
09/19/2020,202,Bronx,COUNTY,34,2.37,3.5,34,2.37,0,0.0
09/18/2020,201,Bronx,COUNTY,49,3.42,3.53,49,3.42,0,0.0
09/17/2020,200,Bronx,COUNTY,64,4.47,3.64,64,4.47,0,0.0
09/16/2020,199,Bronx,COUNTY,51,3.56,3.43,51,3.56,0,0.0
09/15/2020,198,Bronx,COUNTY,58,4.05,3.55,58,4.05,0,0.0
09/14/2020,197,Bronx,COUNTY,74,5.17,3.97,74,5.17,0,0.0
09/13/2020,196,Bronx,COUNTY,21,1.47,3.57,21,1.47,0,0.0
09/12/2020,195,Bronx,COUNTY,37,2.58,3.56,35,2.44,2,0.14
09/11/2020,194,Bronx,COUNTY,60,4.19,3.49,60,4.19,0,0.0
09/10/2020,193,Bronx,COUNTY,43,3.0,3.35,43,3.0,0,0.0
09/09/2020,192,Bronx,COUNTY,63,4.4,3.44,63,4.4,0,0.0
09/08/2020,191,Bronx,COUNTY,100,6.98,3.23,100,6.98,0,0.0
09/07/2020,190,Bronx,COUNTY,34,2.37,2.83,34,2.37,0,0.0
09/06/2020,189,Bronx,COUNTY,20,1.4,2.98,20,1.4,0,0.0
09/05/2020,188,Bronx,COUNTY,30,2.09,3.0,30,2.09,0,0.0
09/04/2020,187,Bronx,COUNTY,46,3.21,3.05,46,3.21,0,0.0
09/03/2020,186,Bronx,COUNTY,52,3.63,3.4,52,3.63,0,0.0
09/02/2020,185,Bronx,COUNTY,42,2.93,3.48,42,2.93,0,0.0
09/01/2020,184,Bronx,COUNTY,60,4.19,3.81,60,4.19,0,0.0
08/31/2020,183,Bronx,COUNTY,49,3.42,3.92,49,3.42,0,0.0
08/30/2020,182,Bronx,COUNTY,22,1.54,4.12,22,1.54,0,0.0
08/29/2020,181,Bronx,COUNTY,35,2.44,4.24,35,2.44,0,0.0
08/28/2020,180,Bronx,COUNTY,81,5.66,4.19,81,5.66,0,0.0
08/27/2020,179,Bronx,COUNTY,60,4.19,3.98,59,4.12,1,0.07
08/26/2020,178,Bronx,COUNTY,75,5.24,4.07,75,5.24,0,0.0
08/25/2020,177,Bronx,COUNTY,71,4.96,3.93,71,4.96,0,0.0
08/24/2020,176,Bronx,COUNTY,69,4.82,3.78,69,4.82,0,0.0
08/23/2020,175,Bronx,COUNTY,34,2.37,3.83,34,2.37,0,0.0
08/22/2020,174,Bronx,COUNTY,30,2.09,3.72,30,2.09,0,0.0
08/21/2020,173,Bronx,COUNTY,60,4.19,3.88,60,4.19,0,0.0
08/20/2020,172,Bronx,COUNTY,69,4.82,4.0,68,4.75,1,0.07
08/19/2020,171,Bronx,COUNTY,61,4.26,3.95,61,4.26,0,0.0
08/18/2020,170,Bronx,COUNTY,56,3.91,3.99,56,3.91,0,0.0
08/17/2020,169,Bronx,COUNTY,74,5.17,4.17,74,5.17,0,0.0
08/16/2020,168,Bronx,COUNTY,23,1.61,4.41,23,1.61,0,0.0
08/15/2020,167,Bronx,COUNTY,46,3.21,4.4,46,3.21,0,0.0
08/14/2020,166,Bronx,COUNTY,72,5.03,4.28,72,5.03,0,0.0
08/13/2020,165,Bronx,COUNTY,64,4.47,4.16,64,4.47,0,0.0
08/12/2020,164,Bronx,COUNTY,65,4.54,4.26,65,4.54,0,0.0
08/11/2020,163,Bronx,COUNTY,74,5.17,4.34,74,5.17,0,0.0
08/10/2020,162,Bronx,COUNTY,98,6.84,4.11,98,6.84,0,0.0
08/09/2020,161,Bronx,COUNTY,22,1.54,4.15,22,1.54,0,0.0
08/08/2020,160,Bronx,COUNTY,34,2.37,4.27,34,2.37,0,0.0
08/07/2020,159,Bronx,COUNTY,60,4.19,4.36,58,4.05,2,0.14
08/06/2020,158,Bronx,COUNTY,74,5.17,4.38,74,5.17,0,0.0
08/05/2020,157,Bronx,COUNTY,73,5.1,4.29,72,5.03,1,0.07
08/04/2020,156,Bronx,COUNTY,51,3.56,4.48,46,3.21,5,0.35
08/03/2020,155,Bronx,COUNTY,102,7.12,4.56,102,7.12,0,0.0
08/02/2020,154,Bronx,COUNTY,34,2.37,4.18,34,2.37,0,0.0
08/01/2020,153,Bronx,COUNTY,43,3.0,4.15,42,2.93,1,0.07
07/31/2020,152,Bronx,COUNTY,62,4.33,3.99,61,4.26,1,0.07
07/30/2020,151,Bronx,COUNTY,65,4.54,4.16,65,4.54,0,0.0
07/29/2020,150,Bronx,COUNTY,92,6.42,4.27,92,6.42,0,0.0
07/28/2020,149,Bronx,COUNTY,59,4.12,4.17,59,4.12,0,0.0
07/27/2020,148,Bronx,COUNTY,64,4.47,4.36,63,4.4,1,0.07
07/26/2020,147,Bronx,COUNTY,31,2.16,4.7,31,2.16,0,0.0
07/25/2020,146,Bronx,COUNTY,27,1.89,4.8,27,1.89,0,0.0
07/24/2020,145,Bronx,COUNTY,79,5.52,5.09,78,5.45,1,0.07
07/23/2020,144,Bronx,COUNTY,76,5.31,5.09,76,5.31,0,0.0
07/22/2020,143,Bronx,COUNTY,82,5.73,5.35,82,5.73,0,0.0
07/21/2020,142,Bronx,COUNTY,78,5.45,5.71,77,5.38,1,0.07
07/20/2020,141,Bronx,COUNTY,98,6.84,5.63,98,6.84,0,0.0
07/19/2020,140,Bronx,COUNTY,41,2.86,5.78,41,2.86,0,0.0
07/18/2020,139,Bronx,COUNTY,56,3.91,5.84,56,3.91,0,0.0
07/17/2020,138,Bronx,COUNTY,79,5.52,5.67,79,5.52,0,0.0
07/16/2020,137,Bronx,COUNTY,102,7.12,5.58,102,7.12,0,0.0
07/15/2020,136,Bronx,COUNTY,118,8.24,5.49,117,8.17,1,0.07
07/14/2020,135,Bronx,COUNTY,70,4.89,5.17,70,4.89,0,0.0
07/13/2020,134,Bronx,COUNTY,113,7.89,5.61,112,7.82,1,0.07
07/12/2020,133,Bronx,COUNTY,47,3.28,5.14,47,3.28,0,0.0
07/11/2020,132,Bronx,COUNTY,39,2.72,4.9,39,2.72,0,0.0
07/10/2020,131,Bronx,COUNTY,70,4.89,4.71,70,4.89,0,0.0
07/09/2020,130,Bronx,COUNTY,93,6.49,4.46,91,6.35,2,0.14
07/08/2020,129,Bronx,COUNTY,86,6.01,4.32,85,5.94,1,0.07
07/07/2020,128,Bronx,COUNTY,114,7.96,4.09,112,7.82,2,0.14
07/06/2020,127,Bronx,COUNTY,66,4.61,3.69,66,4.61,0,0.0
07/05/2020,126,Bronx,COUNTY,23,1.61,3.84,23,1.61,0,0.0
07/04/2020,125,Bronx,COUNTY,20,1.4,3.95,20,1.4,0,0.0
07/03/2020,124,Bronx,COUNTY,45,3.14,4.03,45,3.14,0,0.0
07/02/2020,123,Bronx,COUNTY,79,5.52,4.21,79,5.52,0,0.0
07/01/2020,122,Bronx,COUNTY,63,4.4,4.12,63,4.4,0,0.0
06/30/2020,121,Bronx,COUNTY,74,5.17,4.45,73,5.1,1,0.07
06/29/2020,120,Bronx,COUNTY,81,5.66,4.47,80,5.59,1,0.07
06/28/2020,119,Bronx,COUNTY,34,2.37,4.59,34,2.37,0,0.0
06/27/2020,118,Bronx,COUNTY,28,1.96,4.51,28,1.96,0,0.0
06/26/2020,117,Bronx,COUNTY,63,4.4,4.81,63,4.4,0,0.0
06/25/2020,116,Bronx,COUNTY,70,4.89,5.04,69,4.82,1,0.07
06/24/2020,115,Bronx,COUNTY,96,6.7,4.97,96,6.7,0,0.0
06/23/2020,114,Bronx,COUNTY,76,5.31,4.73,76,5.31,0,0.0
06/22/2020,113,Bronx,COUNTY,93,6.49,4.8,92,6.42,1,0.07
06/21/2020,112,Bronx,COUNTY,26,1.82,4.62,26,1.82,0,0.0
06/20/2020,111,Bronx,COUNTY,58,4.05,4.66,58,4.05,0,0.0
06/19/2020,110,Bronx,COUNTY,86,6.01,4.51,86,6.01,0,0.0
06/18/2020,109,Bronx,COUNTY,63,4.4,4.42,63,4.4,0,0.0
06/17/2020,108,Bronx,COUNTY,72,5.03,4.48,71,4.96,1,0.07
06/16/2020,107,Bronx,COUNTY,83,5.8,4.59,83,5.8,0,0.0
06/15/2020,106,Bronx,COUNTY,75,5.24,4.68,75,5.24,0,0.0
06/14/2020,105,Bronx,COUNTY,30,2.09,4.98,30,2.09,0,0.0
06/13/2020,104,Bronx,COUNTY,43,3.0,5.12,43,3.0,0,0.0
06/12/2020,103,Bronx,COUNTY,77,5.38,5.21,77,5.38,0,0.0
06/11/2020,102,Bronx,COUNTY,69,4.82,5.48,68,4.75,1,0.07
06/10/2020,101,Bronx,COUNTY,83,5.8,5.9,83,5.8,0,0.0
06/09/2020,100,Bronx,COUNTY,92,6.42,6.12,92,6.42,0,0.0
06/08/2020,99,Bronx,COUNTY,105,7.33,6.36,104,7.26,1,0.07
06/07/2020,98,Bronx,COUNTY,44,3.07,6.95,44,3.07,0,0.0
06/06/2020,97,Bronx,COUNTY,52,3.63,6.84,51,3.56,1,0.07
06/05/2020,96,Bronx,COUNTY,104,7.26,7.07,104,7.26,0,0.0
06/04/2020,95,Bronx,COUNTY,111,7.75,7.7,111,7.75,0,0.0
06/03/2020,94,Bronx,COUNTY,106,7.4,7.84,102,7.12,4,0.28
06/02/2020,93,Bronx,COUNTY,116,8.1,8.62,114,7.96,2,0.14
06/01/2020,92,Bronx,COUNTY,164,11.45,10.23,162,11.31,2,0.14
05/31/2020,91,Bronx,COUNTY,33,2.3,9.58,32,2.23,1,0.07
05/30/2020,90,Bronx,COUNTY,75,5.24,10.24,74,5.17,1,0.07
05/29/2020,89,Bronx,COUNTY,167,11.66,10.53,166,11.59,1,0.07
05/28/2020,88,Bronx,COUNTY,125,8.73,11.55,125,8.73,0,0.0
05/27/2020,87,Bronx,COUNTY,184,12.85,12.38,183,12.78,1,0.07
05/26/2020,86,Bronx,COUNTY,278,19.41,13.39,278,19.41,0,0.0
05/25/2020,85,Bronx,COUNTY,98,6.84,12.56,98,6.84,0,0.0
05/24/2020,84,Bronx,COUNTY,100,6.98,13.69,99,6.91,1,0.07
05/23/2020,83,Bronx,COUNTY,104,7.26,13.33,102,7.12,2,0.14
05/22/2020,82,Bronx,COUNTY,269,18.78,13.41,269,18.78,0,0.0
05/21/2020,81,Bronx,COUNTY,208,14.52,12.8,206,14.38,2,0.14
05/20/2020,80,Bronx,COUNTY,285,19.9,13.66,285,19.9,0,0.0
05/19/2020,79,Bronx,COUNTY,195,13.62,15.77,194,13.55,1,0.07
05/18/2020,78,Bronx,COUNTY,211,14.73,17.67,210,14.66,1,0.07
05/17/2020,77,Bronx,COUNTY,64,4.47,18.17,64,4.47,0,0.0
05/16/2020,76,Bronx,COUNTY,112,7.82,18.35,112,7.82,0,0.0
05/15/2020,75,Bronx,COUNTY,208,14.52,19.16,207,14.45,1,0.07
05/14/2020,74,Bronx,COUNTY,294,20.53,19.85,294,20.53,0,0.0
05/13/2020,73,Bronx,COUNTY,497,34.7,20.2,490,34.21,7,0.49
05/12/2020,72,Bronx,COUNTY,385,26.88,18.47,378,26.39,7,0.49
05/11/2020,71,Bronx,COUNTY,262,18.29,17.93,262,18.29,0,0.0
05/10/2020,70,Bronx,COUNTY,82,5.73,19.09,82,5.73,0,0.0
05/09/2020,69,Bronx,COUNTY,193,13.48,19.93,190,13.27,3,0.21
05/08/2020,68,Bronx,COUNTY,277,19.34,20.9,275,19.2,2,0.14
05/07/2020,67,Bronx,COUNTY,329,22.97,22.92,327,22.83,2,0.14
05/06/2020,66,Bronx,COUNTY,324,22.62,24.67,322,22.48,2,0.14
05/05/2020,65,Bronx,COUNTY,330,23.04,27.48,327,22.83,3,0.21
05/04/2020,64,Bronx,COUNTY,379,26.46,31.2,378,26.39,1,0.07
05/03/2020,63,Bronx,COUNTY,166,11.59,33.32,166,11.59,0,0.0
05/02/2020,62,Bronx,COUNTY,290,20.25,33.77,290,20.25,0,0.0
05/01/2020,61,Bronx,COUNTY,480,33.52,35.05,479,33.45,1,0.07
04/30/2020,60,Bronx,COUNTY,504,35.19,36.1,501,34.98,3,0.21
04/29/2020,59,Bronx,COUNTY,606,42.31,38.66,606,42.31,0,0.0
04/28/2020,58,Bronx,COUNTY,703,49.09,42.14,702,49.02,1,0.07
04/27/2020,57,Bronx,COUNTY,591,41.27,41.67,590,41.2,1,0.07
04/26/2020,56,Bronx,COUNTY,211,14.73,45.76,211,14.73,0,0.0
04/25/2020,55,Bronx,COUNTY,419,29.26,49.07,419,29.26,0,0.0
04/24/2020,54,Bronx,COUNTY,585,40.85,50.56,582,40.64,3,0.21
04/23/2020,53,Bronx,COUNTY,761,53.14,54.12,758,52.93,3,0.21
04/22/2020,52,Bronx,COUNTY,955,66.68,55.96,951,66.4,4,0.28
04/21/2020,51,Bronx,COUNTY,655,45.74,57.31,653,45.6,2,0.14
04/20/2020,50,Bronx,COUNTY,1001,69.9,61.82,994,69.41,7,0.49
04/19/2020,49,Bronx,COUNTY,543,37.92,58.78,534,37.29,9,0.63
04/18/2020,48,Bronx,COUNTY,569,39.73,61.06,562,39.24,7,0.49
04/17/2020,47,Bronx,COUNTY,941,65.71,65.42,920,64.24,21,1.47
04/16/2020,46,Bronx,COUNTY,946,66.06,68.57,939,65.57,7,0.49
04/15/2020,45,Bronx,COUNTY,1090,76.11,71.83,1078,75.27,12,0.84
04/14/2020,44,Bronx,COUNTY,1107,77.3,74.01,1089,76.04,18,1.26
04/13/2020,43,Bronx,COUNTY,697,48.67,77.69,681,47.55,16,1.12
04/12/2020,42,Bronx,COUNTY,771,53.84,85.9,761,53.14,10,0.7
04/11/2020,41,Bronx,COUNTY,1006,70.24,86.36,997,69.62,9,0.63
04/10/2020,40,Bronx,COUNTY,1257,87.77,86.37,1239,86.51,18,1.26
04/09/2020,39,Bronx,COUNTY,1273,88.89,88.18,1251,87.35,22,1.54
04/08/2020,38,Bronx,COUNTY,1308,91.33,88.34,1297,90.56,11,0.77
04/07/2020,37,Bronx,COUNTY,1476,103.06,87.54,1454,101.53,22,1.54
04/06/2020,36,Bronx,COUNTY,1520,106.14,85.57,1496,104.46,24,1.68
04/05/2020,35,Bronx,COUNTY,818,57.12,83.43,814,56.84,4,0.28
04/04/2020,34,Bronx,COUNTY,1007,70.31,82.19,995,69.48,12,0.84
04/03/2020,33,Bronx,COUNTY,1438,100.41,79.68,1425,99.5,13,0.91
04/02/2020,32,Bronx,COUNTY,1289,90.01,76.17,1285,89.73,4,0.28
04/01/2020,31,Bronx,COUNTY,1228,85.75,73.03,1217,84.98,11,0.77
03/31/2020,30,Bronx,COUNTY,1278,89.24,71.15,1273,88.89,5,0.35
03/30/2020,29,Bronx,COUNTY,1306,91.19,67.39,1306,91.19,0,0.0
03/29/2020,28,Bronx,COUNTY,693,48.39,61.35,693,48.39,0,0.0
03/28/2020,27,Bronx,COUNTY,756,52.79,59.26,756,52.79,0,0.0
03/27/2020,26,Bronx,COUNTY,1086,75.83,56.43,1085,75.76,1,0.07
03/26/2020,25,Bronx,COUNTY,974,68.01,52.45,974,68.01,0,0.0
03/25/2020,24,Bronx,COUNTY,1040,72.62,48.95,1040,72.62,0,0.0
03/24/2020,23,Bronx,COUNTY,901,62.91,43.23,901,62.91,0,0.0
03/23/2020,22,Bronx,COUNTY,700,48.88,37.54,700,48.88,0,0.0
03/22/2020,21,Bronx,COUNTY,484,33.8,33.49,484,33.8,0,0.0
03/21/2020,20,Bronx,COUNTY,472,32.96,29.84,472,32.96,0,0.0
03/20/2020,19,Bronx,COUNTY,687,47.97,25.96,687,47.97,0,0.0
03/19/2020,18,Bronx,COUNTY,623,43.5,19.9,621,43.36,2,0.14
03/18/2020,17,Bronx,COUNTY,467,32.61,14.05,466,32.54,1,0.07
03/17/2020,16,Bronx,COUNTY,330,23.04,9.61,328,22.9,2,0.14
03/16/2020,15,Bronx,COUNTY,294,20.53,6.4,286,19.97,8,0.56
03/15/2020,14,Bronx,COUNTY,118,8.24,3.52,112,7.82,6,0.42
03/14/2020,13,Bronx,COUNTY,83,5.8,2.37,75,5.24,8,0.56
03/13/2020,12,Bronx,COUNTY,80,5.59,1.55,71,4.96,9,0.63
03/12/2020,11,Bronx,COUNTY,37,2.58,0.77,27,1.89,10,0.7
03/11/2020,10,Bronx,COUNTY,21,1.47,0.4,12,0.84,9,0.63
03/10/2020,9,Bronx,COUNTY,9,0.63,0.19,5,0.35,4,0.28
03/09/2020,8,Bronx,COUNTY,5,0.35,0.1,5,0.35,0,0.0
03/08/2020,7,Bronx,COUNTY,3,0.21,0.05,0,0.0,3,0.21
03/07/2020,6,Bronx,COUNTY,0,0.0,0.03,0,0.0,0,0.0
03/06/2020,5,Bronx,COUNTY,2,0.14,0.03,1,0.07,1,0.07
03/05/2020,4,Bronx,COUNTY,0,0.0,0.01,0,0.0,0,0.0
03/04/2020,3,Bronx,COUNTY,0,0.0,0.02,0,0.0,0,0.0
03/03/2020,2,Bronx,COUNTY,0,0.0,0.02,0,0.0,0,0.0
03/02/2020,1,Bronx,COUNTY,0,0.0,0.03,0,0.0,0,0.0
03/01/2020,0,Bronx,COUNTY,1,0.07,0.07,1,0.07,0,0.0
